player_name,team_name,position,accurateChippedPasses,accurateCrosses,accurateCrossesPercentage,accurateFinalThirdPasses,accurateLongBalls,accurateLongBallsPercentage,accurateOppositionHalfPasses,accurateOwnHalfPasses,accuratePasses,accuratePassesPercentage,aerialDuelsWon,aerialDuelsWonPercentage,aerialLost,appearances,assists,attemptPenaltyMiss,attemptPenaltyTarget,ballRecovery,bigChancesCreated,bigChancesMissed,blockedShots,cleanSheet,clearances,crossesNotClaimed,directRedCards,dispossessed,dribbledPast,duelLost,errorLeadToGoal,errorLeadToShot,expectedAssists,expectedGoals,fouls,freeKickGoal,goalConversionPercentage,goalKicks,goals,goalsAssistsSum,goalsPrevented,groundDuelsWon,groundDuelsWonPercentage,headedGoals,highClaims,hitWoodwork,id,inaccuratePasses,interceptions,keyPasses,leftFootGoals,matchesStarted,minutesPlayed,offsides,outfielderBlocks,ownGoals,passToAssist,penaltiesTaken,penaltyConceded,penaltyConversion,penaltyFaced,penaltyGoals,penaltySave,penaltyWon,possessionLost,possessionWonAttThird,punches,rating,redCards,rightFootGoals,runsOut,savedShotsFromInsideTheBox,savedShotsFromOutsideTheBox,saves,savesCaught,savesParried,scoringFrequency,setPieceConversion,shotFromSetPiece,shotsFromInsideTheBox,shotsFromOutsideTheBox,shotsOffTarget,shotsOnTarget,successfulDribbles,successfulDribblesPercentage,successfulRunsOut,tackles,tacklesWon,tacklesWonPercentage,totalAttemptAssist,totalChippedPasses,totalContest,totalCross,totalDuelsWon,totalDuelsWonPercentage,totalLongBalls,totalOppositionHalfPasses,totalOwnHalfPasses,totalPasses,totalShots,totwAppearances,touches,wasFouled,yellowCards,yellowRedCards,player_name_lower,Player Name,Age,Market Value,Club,Nationality,Market Value Num,log_Market_Value,Age_sq,per90,goals_per90,assists_per90,xG_per90,xA_per90,Club_Avg_Value,Position_Central Midfield,Position_Centre-Back,Position_Centre-Forward,Position_Defensive Midfield,Position_Left Midfield,Position_Left Winger,Position_Left-Back,Position_Right Midfield,Position_Right Winger,Position_Right-Back,Position_Second Striker,Predicted_Market_Value,Value_Difference
Declan Rice,Arsenal,M,64,45,27.10843373,501,81,49.09090909,982,768,1750,87.58758759,48,66.66666667,24,34,5,0,0,170,16,3,13,11,70,0,0,17,13,94,1,0,6.5350035,3.1747,26,0,10.0,0,4,9,0.0,87,55.41401274,1,0,0,2145603,248,35,62.0,0,33,2919.0,1,12,0,1,0,0,0.0,0,0,0,0,462,12,0,7.441176471,0,3,0,0,0,0,0,0,729.75,0.0,5,13,27,14,13,14.0,50.0,0,64,33,51.5625,61,118,28,166,135,58.95196507,165,1166,832,1998,40,3,2591,9,3,0,declan rice,Declan Rice,26.0,€110.00m,Arsenal FC,England,110000000.0,18.5159909328476,676.0,32.43333333333333,0.12332986947691589,0.15416233684614486,0.09788383415709122,0.20149028217154713,51833333.333333336,1.0,0.0,0.0,0.0,0.0,0.0,0.0,0.0,0.0,0.0,0.0,100158460.0,-9841536.0
Gabriel Magalhães,Arsenal,D,41,1,20.0,196,73,45.34161491,555,860,1415,88.27199002,94,62.25165563,57,29,4,0,0,59,5,4,10,15,166,0,0,4,6,84,1,2,1.77176018,2.623,18,0,12.5,44,3,7,0.0,67,71.27659574,1,0,2,2145611,188,22,7.0,2,28,2526.0,0,32,0,0,0,0,0.0,0,0,0,0,216,2,0,7.3,0,0,0,0,0,0,0,0,842.0,0.0,0,20,4,8,6,1.0,50.0,0,36,19,52.77777778,7,91,2,5,161,65.71428571,161,684,919,1603,24,5,1994,30,4,0,gabriel magalhães,Gabriel Magalhães,27.0,€70.00m,Arsenal FC,Brazil,70000000.0,18.064005814299346,729.0,28.066666666666666,0.10688832296140512,0.14251776394854015,0.09345602370925522,0.06312682477666576,51833333.333333336,0.0,1.0,0.0,0.0,0.0,0.0,0.0,0.0,0.0,0.0,0.0,64177136.0,-5822864.0
Bukayo Saka,Arsenal,F,15,37,32.17391304,314,14,35.8974359,441,111,552,76.88022284,22,44.89795918,27,29,4,0,0,109,11,8,23,7,10,0,0,30,15,143,0,1,6.62425466,7.314,29,0,10.60606061,0,7,11,0.0,137,54.15019763,1,0,1,2145631,166,15,59.0,4,23,2055.0,14,0,0,2,1,0,100.0,0,1,0,0,376,26,0,7.265517241,0,2,0,0,0,0,0,0,293.5714286,0.0,2,50,16,16,27,50.0,53.19148936,0,36,17,47.22222222,57,37,94,115,159,52.64900662,39,583,135,718,66,5,1287,51,1,0,bukayo saka,Bukayo Saka,23.0,€150.00m,Arsenal FC,England,150000000.0,18.826145858727198,529.0,22.833333333333332,0.3065692088018064,0.17518240502960364,0.3203210275966303,0.29011321571683985,51833333.333333336,0.0,0.0,0.0,0.0,0.0,0.0,0.0,0.0,1.0,0.0,0.0,132835780.0,-17164224.0
Martín Zubimendi,Arsenal,M,48,2,18.18181818,391,51,47.6635514,881,716,1597,87.60285244,65,68.42105263,30,35,1,0,0,112,1,2,8,10,74,0,0,10,21,98,2,3,2.21511757,2.8516,31,0,18.51851852,0,5,6,0.0,85,55.55555556,2,0,2,2145641,226,39,18.0,0,33,2871.0,1,5,0,0,0,0,0.0,0,0,0,0,291,7,0,7.068571429,0,3,0,0,0,0,0,0,574.2,0.0,0,20,7,10,9,7.0,46.66666667,0,67,38,56.71641791,18,95,15,11,150,60.48387097,107,1049,774,1823,27,2,2206,13,4,0,martín zubimendi,Martín Zubimendi,26.0,€55.00m,Arsenal FC,Spain,55000000.0,17.822843761378564,676.0,31.9,0.15673976277750384,0.03134795255550077,0.08939182150726599,0.06943940048921615,51833333.333333336,0.0,0.0,0.0,1.0,0.0,0.0,0.0,0.0,0.0,0.0,0.0,65384776.0,10384776.0
William Saliba,Arsenal,D,26,4,44.44444444,245,55,50.0,651,1166,1817,92.65680775,67,54.91803279,55,29,0,0,0,106,1,2,1,13,121,0,0,8,6,93,0,2,1.24705521,0.8575,21,0,20.0,23,1,1,0.0,55,59.13978495,1,0,0,2145639,144,17,10.0,0,28,2435.0,1,6,0,0,0,0,0.0,0,0,0,0,176,2,0,6.996428571,0,0,0,0,0,0,0,0,2435.0,0.0,0,5,0,3,1,7.0,70.0,0,33,21,63.63636364,10,52,10,9,122,56.74418605,110,747,1214,1961,5,0,2243,15,1,0,william saliba,William Saliba,24.0,€75.00m,Arsenal FC,France,75000000.0,18.132998684833918,576.0,27.055555555555557,0.03696097196514383,0.0,0.031694033460110835,0.046092372655796555,51833333.333333336,0.0,1.0,0.0,0.0,0.0,0.0,0.0,0.0,0.0,0.0,0.0,59030916.0,-15969084.0
Martin Ødegaard,Arsenal,M,28,6,27.27272727,268,35,53.84615385,427,200,627,84.61538462,3,37.5,5,22,5,0,0,65,6,0,4,3,6,0,0,12,11,51,0,1,3.47289793,1.0175,9,0,4.761904762,0,1,6,0.0,35,43.20987654,0,0,0,2145629,114,7,38.0,1,15,1258.0,2,0,0,1,0,0,0.0,0,0,0,0,179,18,0,6.995454545,0,0,0,0,0,0,0,0,1258.0,0.0,0,9,12,9,8,9.0,39.13043478,0,19,8,42.10526316,37,71,23,22,38,42.69662921,65,524,217,741,21,2,898,7,0,0,martin ødegaard,Martin Ødegaard,26.0,€80.00m,Arsenal FC,Norway,80000000.0,18.197537205138154,676.0,13.977777777777778,0.07154207918293222,0.35771039591466114,0.07279406556863355,0.24845833870230138,51833333.333333336,0.0,0.0,0.0,0.0,0.0,0.0,0.0,0.0,0.0,0.0,0.0,44332020.0,-35667980.0
Eberechi Eze,Arsenal,M,12,2,16.66666667,204,15,41.66666667,332,158,490,83.61774744,9,29.03225806,22,30,2,0,0,71,4,1,21,2,10,0,0,22,6,84,0,1,2.57273945,4.2063,16,0,12.5,0,7,9,0.0,79,56.02836879,0,0,1,2143784,96,10,14.0,1,20,1745.0,1,1,0,0,0,0,0.0,0,0,0,0,177,16,0,6.966666667,0,6,0,0,0,0,0,0,249.2857143,0.0,0,31,25,18,17,26.0,56.52173913,0,18,13,72.22222222,14,30,46,12,88,51.1627907,36,409,177,586,56,2,863,35,1,0,eberechi eze,Eberechi Eze,27.0,€50.00m,Crystal Palace,England,50000000.0,17.72753358339242,729.0,19.38888888888889,0.3610313324193701,0.10315180926267717,0.21694372765079947,0.13269136451448246,17763157.89473684,0.0,0.0,0.0,0.0,0.0,0.0,0.0,0.0,0.0,0.0,0.0,35162680.0,-14837320.0
Leandro Trossard,Arsenal,F,35,14,25.45454545,261,29,42.64705882,404,129,533,76.80115274,6,33.33333333,12,29,6,0,0,74,7,6,18,3,14,0,0,37,16,107,0,1,3.4157725,4.95,13,0,10.41666667,0,5,11,0.0,84,46.9273743,0,0,2,2164655,161,9,34.0,1,19,1827.0,5,3,0,0,0,0,0.0,0,0,0,0,320,9,0,6.913793103,0,4,0,0,0,0,0,0,365.4,0.0,0,35,13,17,13,23.0,43.39622642,0,26,17,65.38461538,34,73,53,55,90,45.68527919,68,541,153,694,48,2,1104,36,1,0,leandro trossard,Leandro Trossard,30.0,€20.00m,Arsenal FC,Belgium,20000000.0,16.811242881518265,900.0,20.3,0.24630529738655302,0.2955663568638636,0.24384224441268748,0.16826457228346192,51833333.333333336,0.0,0.0,0.0,0.0,0.0,1.0,0.0,0.0,0.0,0.0,0.0,20131084.0,131084.0
Leandro Trossard,Arsenal,F,35,14,25.45454545,261,29,42.64705882,404,129,533,76.80115274,6,33.33333333,12,29,6,0,0,74,7,6,18,3,14,0,0,37,16,107,0,1,3.4157725,4.95,13,0,10.41666667,0,5,11,0.0,84,46.9273743,0,0,2,2164655,161,9,34.0,1,19,1827.0,5,3,0,0,0,0,0.0,0,0,0,0,320,9,0,6.913793103,0,4,0,0,0,0,0,0,365.4,0.0,0,35,13,17,13,23.0,43.39622642,0,26,17,65.38461538,34,73,53,55,90,45.68527919,68,541,153,694,48,2,1104,36,1,0,leandro trossard,Leandro Trossard,30.0,€18.00m,Arsenal FC,Belgium,18000000.0,16.705882371415992,900.0,20.3,0.24630529738655302,0.2955663568638636,0.24384224441268748,0.16826457228346192,51833333.333333336,0.0,0.0,0.0,0.0,0.0,1.0,0.0,0.0,0.0,0.0,0.0,20131084.0,2131084.0
Riccardo Calafiori,Arsenal,D,8,3,14.28571429,169,19,51.35135135,303,278,581,85.69321534,42,60.0,28,23,2,0,0,67,0,2,9,4,50,0,0,9,8,75,0,1,0.51035235,3.1266,25,0,3.448275862,0,1,3,0.0,55,53.92156863,1,0,2,2145621,97,15,6.0,0,19,1545.0,4,4,0,0,0,0,0.0,0,0,0,0,183,5,0,6.877272727,0,0,0,0,0,0,0,0,1545.0,0.0,0,20,9,13,7,15.0,71.42857143,0,32,19,59.375,6,15,21,21,97,56.39534884,37,359,319,678,29,1,1060,9,5,0,riccardo calafiori,Riccardo Calafiori,23.0,€30.00m,Arsenal FC,Italy,30000000.0,17.216707972959764,529.0,17.166666666666668,0.058252393251033055,0.11650478650206611,0.18213193273867995,0.02972924578878886,51833333.333333336,0.0,0.0,0.0,0.0,0.0,0.0,1.0,0.0,0.0,0.0,0.0,43959180.0,13959180.0
Ben White,Arsenal,D,7,3,20.0,110,10,32.25806452,163,113,276,81.4159292,12,44.44444444,15,11,1,0,0,28,3,0,1,3,25,0,0,2,8,31,0,0,0.67159051,0.4567,5,0,0.0,0,0,1,0.0,24,60.0,0,0,0,2145609,63,9,8.0,0,8,685.0,3,4,0,0,0,0,0.0,0,0,0,0,97,4,0,6.863636364,0,0,0,0,0,0,0,0,0.0,0.0,0,3,2,3,1,3.0,75.0,0,15,9,60.0,8,22,4,15,36,53.73134328,31,215,124,339,5,0,526,6,0,0,ben white,Ben White,27.0,€40.00m,Arsenal FC,England,40000000.0,17.50439003707821,729.0,7.611111111111111,0.0,0.13138668868902217,0.06000430072427643,0.08823805326387164,51833333.333333336,0.0,0.0,0.0,0.0,0.0,0.0,0.0,0.0,0.0,1.0,0.0,33194474.0,-6805526.0
Mikel Merino,Arsenal,M,8,0,0.0,96,7,33.33333333,164,105,269,75.77464789,28,39.43661972,43,21,3,0,0,55,4,4,6,2,19,0,0,17,6,92,0,0,1.45131127,3.0097,21,0,19.04761905,0,4,7,0.0,51,51.0,3,0,0,2145649,86,10,12.0,0,10,1007.0,3,2,0,0,0,0,0.0,0,0,0,0,133,8,0,6.861904762,0,1,0,0,0,0,0,0,251.75,0.0,0,17,4,7,8,5.0,41.66666667,0,26,13,50.0,12,21,12,4,79,46.19883041,21,237,118,355,21,1,539,20,1,0,mikel merino,Mikel Merino,29.0,€30.00m,Arsenal FC,Spain,30000000.0,17.216707972959764,841.0,11.188888888888888,0.3574971978674498,0.26812289840058734,0.2689898291054159,0.12970992806461246,51833333.333333336,1.0,0.0,0.0,0.0,0.0,0.0,0.0,0.0,0.0,0.0,0.0,30487176.0,487176.0
Noni Madueke,Arsenal,M,8,15,19.73684211,152,10,52.63157895,217,61,278,75.54347826,10,47.61904762,11,24,1,0,0,32,5,2,8,0,6,0,0,16,20,91,0,0,2.52389481,1.0509,15,0,9.090909091,0,2,3,0.0,62,43.66197183,1,0,0,2145617,90,4,19.0,1,15,1133.0,4,1,0,0,0,0,0.0,0,0,0,0,241,9,0,6.830434783,0,0,0,0,0,0,0,0,566.5,0.0,0,19,3,6,8,26.0,46.42857143,0,21,10,47.61904762,19,16,56,76,72,44.17177914,19,296,72,368,22,2,668,15,0,0,noni madueke,Noni Madueke,23.0,€35.00m,Chelsea FC,England,35000000.0,17.370858648025116,529.0,12.588888888888889,0.1588701297589437,0.07943506487947186,0.08347830968183698,0.20048574798131227,30741379.310344826,0.0,0.0,0.0,0.0,0.0,0.0,0.0,0.0,1.0,0.0,0.0,28916640.0,-6083360.0
Ethan Nwaneri,Arsenal,M,3,0,0.0,26,5,55.55555556,42,37,79,90.8045977,1,25.0,3,6,0,0,0,10,0,0,2,0,1,0,0,2,3,14,0,0,0.08285118,0.2321,2,0,0.0,0,0,0,0.0,4,26.66666667,0,0,0,2164657,8,0,1.0,0,0,175.0,0,0,0,0,0,0,0.0,0,0,0,0,20,2,0,6.74,0,0,0,0,0,0,0,0,0.0,0.0,0,4,2,4,0,3.0,37.5,0,1,0,0.0,1,5,8,2,5,26.31578947,9,48,39,87,6,0,121,0,0,0,ethan nwaneri,Ethan Nwaneri,18.0,€50.00m,Arsenal FC,England,50000000.0,17.72753358339242,324.0,1.9444444444444444,0.0,0.0,0.11936510040805504,0.04260895915392435,51833333.333333336,0.0,0.0,0.0,0.0,0.0,0.0,0.0,0.0,1.0,0.0,0.0,35330750.0,-14669248.0
Myles Lewis-Skelly,Arsenal,D,4,0,0.0,58,5,50.0,107,134,241,90.94339623,4,28.57142857,10,17,0,0,0,23,0,0,1,1,10,0,0,7,2,27,0,1,0.16848801,0.107,7,0,0.0,0,0,0,0.0,26,60.46511628,0,0,0,2145645,24,4,4.0,0,3,525.0,1,1,0,0,0,0,0.0,0,0,0,0,46,1,0,6.633333333,0,0,0,0,0,0,0,0,0.0,0.0,0,2,0,1,0,8.0,88.88888889,0,8,5,62.5,4,6,9,0,30,52.63157895,10,123,142,265,2,0,369,10,3,0,myles lewis-skelly,Myles Lewis-Skelly,18.0,€40.00m,Arsenal FC,England,40000000.0,17.50439003707821,324.0,5.833333333333333,0.0,0.0,0.018342825698013092,0.028883609342383987,51833333.333333336,0.0,0.0,0.0,0.0,0.0,0.0,1.0,0.0,0.0,0.0,0.0,35526580.0,-4473420.0
Kai Havertz,Arsenal,F,3,0,0.0,38,1,33.33333333,56,20,76,68.46846847,15,40.54054054,22,9,2,0,0,12,0,5,3,0,7,0,0,7,6,40,0,0,0.14197128,2.5193,5,0,8.333333333,0,1,3,0.0,16,47.05882353,0,0,0,2145647,35,0,5.0,0,6,442.0,2,1,0,0,0,0,0.0,0,0,0,0,67,3,0,6.622222222,0,1,0,0,0,0,0,0,442.0,0.0,0,9,3,6,3,3.0,60.0,0,5,3,60.0,5,4,5,3,31,43.66197183,3,86,25,111,12,0,192,8,0,0,kai havertz,Kai Havertz,26.0,€60.00m,Arsenal FC,Germany,60000000.0,17.909855136853043,676.0,4.911111111111111,0.20361949489243122,0.40723898978486245,0.512978593482502,0.028908120322831923,51833333.333333336,0.0,0.0,1.0,0.0,0.0,0.0,0.0,0.0,0.0,0.0,0.0,54780864.0,-5219136.0
Christian Nørgaard,Arsenal,M,2,0,0.0,0,0,0.0,3,16,19,82.60869565,2,50.0,2,6,0,0,0,4,0,0,0,0,6,0,0,1,2,6,0,0,0.00172916,0.0511,1,0,0.0,0,0,0,0.0,0,0.0,0,0,0,2375966,4,0,0.0,0,0,63.0,0,1,0,0,0,0,0.0,0,0,0,0,8,1,0,6.6,0,0,0,0,0,0,0,0,0.0,0.0,0,0,1,0,1,0.0,0.0,0,0,0,0.0,0,4,0,0,2,25.0,1,6,17,23,1,0,41,0,0,0,christian nørgaard,Christian Nørgaard,31.0,€6.00m,Brentford FC,Denmark,6000000.0,15.607270193858982,961.0,0.7,0.0,0.0,0.0729989571577549,0.002470193282953101,16000000.0,0.0,0.0,0.0,1.0,0.0,0.0,0.0,0.0,0.0,0.0,0.0,2670929.2,-3329070.75
Gabriel Martinelli,Arsenal,F,2,7,22.58064516,74,3,21.42857143,123,40,163,70.56277056,8,30.76923077,18,28,3,0,0,47,3,7,7,0,10,0,0,25,5,73,0,2,1.02400049,3.8602,10,0,3.571428571,0,1,4,0.0,42,43.29896907,0,0,0,2145605,68,1,11.0,0,10,988.0,5,1,0,0,0,0,0.0,0,0,0,0,177,14,0,6.596428571,0,1,0,0,0,0,0,0,988.0,0.0,0,25,3,9,12,18.0,52.94117647,0,12,8,66.66666667,11,8,34,31,50,40.6504065,14,180,51,231,28,0,467,13,3,0,gabriel martinelli,Gabriel Martinelli,24.0,€50.00m,Arsenal FC,Brazil,50000000.0,17.72753358339242,576.0,10.977777777777778,0.09109303442942208,0.27327910328826627,0.3516373315044551,0.09327931189131508,51833333.333333336,0.0,0.0,0.0,0.0,0.0,1.0,0.0,0.0,0.0,0.0,0.0,49841360.0,-158640.0
Gabriel Jesus,Arsenal,F,4,0,0.0,32,0,0.0,54,16,70,75.2688172,9,34.61538462,17,13,0,0,0,18,0,3,3,0,3,0,0,10,1,42,0,0,0.24780149,1.8106,6,0,13.33333333,0,2,2,0.0,12,32.43243243,0,0,0,2534632,23,3,2.0,0,2,346.0,7,0,0,0,0,0,0.0,0,0,0,0,63,3,0,6.538461538,0,2,0,0,0,0,0,0,173.0,0.0,0,13,2,2,10,7.0,46.66666667,0,4,0,0.0,2,7,15,0,21,33.33333333,1,70,23,93,15,0,188,1,2,0,gabriel jesus,Gabriel Jesus,28.0,€28.00m,Arsenal FC,Brazil,28000000.0,17.147715103853763,784.0,3.8444444444444446,0.5202298606737727,0.0,0.4709640928679665,0.06445686730872666,51833333.333333336,0.0,0.0,1.0,0.0,0.0,0.0,0.0,0.0,0.0,0.0,0.0,22797632.0,-5202368.0
Rodri,Manchester City,M,89,1,20.0,321,86,69.91869919,817,564,1381,90.26143791,34,75.55555556,11,20,0,0,0,99,2,0,5,3,40,0,0,10,14,55,0,3,2.45729392,0.8052,13,0,8.333333333,1,1,1,0.0,72,62.06896552,1,0,0,2162749,149,13,23.0,0,16,1423.0,0,3,0,0,0,0,0.0,0,0,0,0,184,8,0,7.421052632,0,0,0,0,0,0,0,0,1423.0,0.0,0,5,7,5,2,6.0,46.15384615,0,39,20,51.28205128,23,126,13,5,106,65.83850932,123,923,607,1530,12,2,1757,27,2,0,rodri,Rodri,29.0,€100.00m,Manchester City,Spain,100000000.0,18.420680753952364,841.0,15.811111111111112,0.06324662198035153,0.0,0.05092618001857905,0.15541553965285615,48300000.0,0.0,0.0,0.0,1.0,0.0,0.0,0.0,0.0,0.0,0.0,0.0,69279890.0,-30720112.0
Jérémy Doku,Manchester City,M,5,14,26.41509434,335,11,61.11111111,461,100,561,83.73134328,4,40.0,6,26,5,0,0,85,11,4,11,2,1,0,0,44,8,136,0,0,5.5869444,2.3729,22,0,12.90322581,0,4,9,0.0,150,53.57142857,0,0,1,2139131,109,12,51.0,2,17,1574.0,3,0,0,1,0,0,0.0,0,0,0,2,330,20,0,7.373076923,0,2,0,0,0,0,0,0,393.5,0.0,0,21,10,8,12,74.0,56.48854962,0,21,14,66.66666667,50,8,131,53,154,53.10344828,18,559,111,670,31,4,1158,56,0,0,jérémy doku,Jérémy Doku,23.0,€45.00m,Manchester City,Belgium,45000000.0,17.622173069956816,529.0,17.488888888888887,0.22871651471101448,0.2858956433887681,0.13568035443944157,0.31945661276305504,48300000.0,0.0,0.0,0.0,0.0,0.0,1.0,0.0,0.0,0.0,0.0,0.0,45866210.0,866208.0
Erling Haaland,Manchester City,F,5,1,33.33333333,100,4,28.57142857,151,85,236,65.19337017,72,62.06896552,44,33,7,0,1,38,8,27,23,8,39,0,0,22,4,106,0,0,2.19854741,23.9782,23,0,21.00840336,0,25,32,0.0,55,47.00854701,3,0,6,2139121,126,5,22.0,20,32,2778.0,4,1,0,0,4,0,75.0,0,3,0,0,215,13,0,7.333333333,0,2,0,0,0,0,0,0,111.12,0.0,0,107,12,42,54,15.0,50.0,0,15,9,60.0,22,13,30,3,127,54.50643777,14,252,110,362,119,6,737,25,2,0,erling haaland,Erling Haaland,24.0,€180.00m,Manchester City,Norway,180000000.0,19.00846741441004,576.0,30.866666666666667,0.8099349427856557,0.22678178397998358,0.7768312818041204,0.07122721482919607,48300000.0,0.0,0.0,1.0,0.0,0.0,0.0,0.0,0.0,0.0,0.0,0.0,149132660.0,-30867344.0
Marc Guéhi,Manchester City,D,73,3,18.75,350,69,39.88439306,844,1014,1858,89.36988937,95,67.85714286,45,32,3,0,0,128,5,6,8,12,150,0,0,16,11,95,2,0,2.22098124,3.9994,20,0,10.0,37,3,6,0.0,79,61.24031008,1,0,2,2143766,221,49,18.0,0,32,2880.0,0,22,0,0,0,0,0.0,0,0,0,1,276,5,0,7.290625,0,2,0,0,0,0,0,0,960.0,0.0,0,29,1,13,9,6.0,60.0,0,42,28,66.66666667,18,148,10,16,174,64.68401487,173,994,1085,2079,30,5,2535,31,6,0,marc guéhi,Marc Guéhi,24.0,€40.00m,Crystal Palace,England,40000000.0,17.50439003707821,576.0,32.0,0.09374997070313415,0.09374997070313415,0.12498121094337157,0.06940564206073685,17763157.89473684,0.0,1.0,0.0,0.0,0.0,0.0,0.0,0.0,0.0,0.0,0.0,35997090.0,-4002912.0
Rayan Cherki,Manchester City,M,44,22,30.1369863,448,29,49.15254237,766,275,1041,86.75,1,12.5,7,29,11,0,0,87,18,2,20,3,6,0,0,31,19,123,0,1,8.03546191,3.8583,15,0,8.0,0,4,15,0.0,105,47.51131222,0,0,3,2139176,159,7,57.0,0,18,1657.0,1,1,0,1,0,0,0.0,0,0,0,0,340,15,0,7.25862069,0,4,0,0,0,0,0,0,414.25,0.0,3,37,13,17,13,47.0,47.95918367,0,25,18,72.0,56,80,98,73,106,46.28820961,59,901,299,1200,50,3,1641,33,1,0,rayan cherki,Rayan Cherki,21.0,€42.00m,Manchester City,France,42000000.0,17.553180200057167,441.0,18.41111111111111,0.2172599906252314,0.5974649742193864,0.20956355545733257,0.43644609480900104,48300000.0,0.0,0.0,0.0,0.0,0.0,0.0,0.0,0.0,1.0,0.0,0.0,44455560.0,2455560.0
Rúben Dias,Manchester City,D,34,3,33.33333333,229,47,50.0,722,848,1570,93.00947867,58,65.16853933,31,25,0,0,0,70,0,1,3,11,115,0,0,3,2,53,0,2,0.62277125,0.5644,14,0,20.0,15,2,2,0.0,24,52.17391304,0,0,0,2139151,118,22,6.0,0,23,2059.0,0,17,0,0,0,0,0.0,0,0,0,0,134,2,0,7.2,0,2,0,0,0,0,0,0,1029.5,0.0,0,6,4,3,4,3.0,50.0,0,13,6,46.15384615,6,72,6,9,82,60.74074074,94,797,891,1688,10,3,1945,9,3,0,rúben dias,Rúben Dias,28.0,€60.00m,Manchester City,Portugal,60000000.0,17.909855136853043,784.0,22.877777777777776,0.08742103998108987,0.0,0.02467021748266356,0.027221655172661657,48300000.0,0.0,1.0,0.0,0.0,0.0,0.0,0.0,0.0,0.0,0.0,0.0,54797690.0,-5202312.0
Antoine Semenyo,Manchester City,M,13,6,14.28571429,296,25,50.0,488,179,667,79.31034483,58,50.0,58,33,4,0,1,136,7,7,13,9,27,0,0,57,20,250,0,2,2.7323286,10.5851,52,1,19.23076923,0,15,19,0.0,114,37.25490196,0,0,3,2134467,174,11,36.0,6,33,2906.0,18,6,0,0,2,1,50.0,0,1,0,0,478,24,0,6.996969697,0,9,0,0,0,0,0,0,193.7333333,50.0,2,58,20,27,38,49.0,42.60869565,0,44,32,72.72727273,36,18,115,42,172,40.75829384,50,632,209,841,78,3,1540,21,7,0,antoine semenyo,Antoine Semenyo,25.0,€35.00m,AFC Bournemouth,Ghana,35000000.0,17.370858648025116,625.0,32.28888888888889,0.4645559469716612,0.12388158585910966,0.3278247436193154,0.08462130001405023,13978125.0,0.0,0.0,0.0,0.0,0.0,1.0,0.0,0.0,0.0,0.0,0.0,14653597.0,-20346403.0
Phil Foden,Manchester City,M,40,36,33.64485981,323,41,63.07692308,614,332,946,88.08193669,6,28.57142857,15,29,3,0,0,89,8,4,19,7,12,0,0,26,13,90,0,2,4.03636543,5.7398,17,0,13.46153846,0,7,10,0.0,80,51.61290323,2,0,1,2162748,128,8,47.0,4,21,1871.0,2,3,0,1,0,0,0.0,0,0,0,0,284,9,0,6.975862069,0,1,0,0,0,0,0,0,267.2857143,0.0,2,28,24,16,17,22.0,52.38095238,0,30,13,43.33333333,46,61,42,107,86,48.86363636,65,713,361,1074,52,3,1480,28,4,0,phil foden,Phil Foden,25.0,€85.00m,Manchester City,England,85000000.0,18.258161826219297,625.0,20.788888888888888,0.33671817047228575,0.1443077873452653,0.27609927926811795,0.19415965470674013,48300000.0,0.0,0.0,0.0,0.0,0.0,0.0,0.0,0.0,1.0,0.0,0.0,76141180.0,-8858816.0
Nico González,Manchester City,M,26,1,50.0,276,31,54.38596491,690,431,1121,90.11254019,30,51.72413793,28,24,0,0,0,83,1,0,8,4,42,0,0,14,9,82,0,2,1.04931354,0.5958,29,0,7.692307692,3,1,1,0.0,69,56.09756098,0,0,0,2139153,123,22,10.0,0,16,1485.0,0,6,0,0,0,0,0.0,0,0,0,0,165,11,0,6.945833333,0,1,0,0,0,0,0,0,1485.0,0.0,0,2,11,3,2,12.0,70.58823529,0,39,29,74.35897436,10,46,17,2,99,54.6961326,57,770,474,1244,13,1,1489,18,6,0,nico gonzález,Nico González,23.0,€35.00m,Manchester City,Spain,35000000.0,17.370858648025116,529.0,16.5,0.06060602387513705,0.0,0.03610906902480665,0.06359472145774457,48300000.0,1.0,0.0,0.0,0.0,0.0,0.0,0.0,0.0,0.0,0.0,0.0,37069200.0,2069200.0
Matheus Nunes,Manchester City,D,36,16,26.2295082,553,54,50.94339623,1060,706,1766,89.19191919,36,58.06451613,26,31,5,0,0,153,6,0,1,11,91,0,0,16,19,100,1,2,2.16660202,0.3479,15,0,14.28571429,0,1,6,0.0,106,58.88888889,0,0,0,2139173,214,28,25.0,0,29,2627.0,4,8,0,0,0,1,0.0,0,0,0,1,370,7,0,6.938709677,0,1,0,0,0,0,0,0,2627.0,0.0,0,2,5,4,2,23.0,46.93877551,0,56,40,71.42857143,25,84,49,61,142,58.67768595,106,1195,785,1980,7,1,2651,27,4,0,matheus nunes,Matheus Nunes,26.0,€28.00m,Manchester City,Portugal,28000000.0,17.147715103853763,676.0,29.18888888888889,0.03425959998719452,0.1712979999359726,0.011918914835544974,0.07422691853664763,48300000.0,1.0,0.0,0.0,0.0,0.0,0.0,0.0,0.0,0.0,0.0,0.0,31391770.0,3391770.0
Abdukodir Khusanov,Manchester City,D,21,1,50.0,106,36,52.17391304,352,471,823,91.85267857,14,48.27586207,15,19,0,0,0,68,0,1,0,4,52,0,0,2,3,34,0,1,0.32292572,0.617,12,0,0.0,3,0,0,0.0,39,67.24137931,0,0,0,2139139,73,29,6.0,0,13,1249.0,0,9,0,0,0,0,0.0,0,0,0,0,97,1,0,6.936842105,0,0,0,0,0,0,0,0,0.0,0.0,0,3,2,4,1,7.0,77.77777778,0,26,19,73.07692308,6,35,9,2,53,60.91954023,69,390,506,896,5,0,1099,6,2,0,abdukodir khusanov,Abdukodir Khusanov,21.0,€28.00m,Manchester City,Uzbekistan,28000000.0,17.147715103853763,441.0,13.877777777777778,0.0,0.0,0.04445953561762846,0.023269250486528874,48300000.0,0.0,1.0,0.0,0.0,0.0,0.0,0.0,0.0,0.0,0.0,0.0,29010168.0,1010168.0
Rayan Aït-Nouri,Manchester City,D,2,6,31.57894737,154,6,31.57894737,301,178,479,90.20715631,14,63.63636364,8,15,2,0,0,46,2,1,2,3,17,0,0,7,6,52,0,1,1.75268803,0.4932,13,0,0.0,0,0,2,0.0,60,57.69230769,0,0,0,2139149,52,13,10.0,0,11,873.0,0,1,0,0,0,0,0.0,0,0,0,0,113,4,0,6.907692308,0,0,0,0,0,0,0,0,0.0,0.0,0,3,6,5,2,20.0,52.63157895,0,31,21,67.74193548,10,7,38,19,74,58.73015873,19,333,198,531,9,1,786,9,2,0,rayan aït-nouri,Rayan Aït-Nouri,24.0,€28.00m,Manchester City,Algeria,28000000.0,17.147715103853763,576.0,9.7,0.0,0.20618535444808822,0.050845308406898555,0.18068930135123576,48300000.0,0.0,0.0,0.0,0.0,0.0,0.0,1.0,0.0,0.0,0.0,0.0,30856492.0,2856492.0
Nico O'Reilly,Manchester City,D,12,9,25.71428571,305,12,26.66666667,668,425,1093,86.47151899,46,52.27272727,42,32,3,0,0,96,6,6,12,9,66,0,0,31,21,170,0,1,2.62564581,5.4403,42,0,12.82051282,0,5,8,0.0,107,45.53191489,2,0,0,2139177,171,20,22.0,3,27,2468.0,1,11,0,0,0,0,0.0,0,0,0,0,341,9,0,6.896875,0,0,0,0,0,0,0,0,493.6,0.0,0,31,8,13,14,22.0,39.28571429,0,67,36,53.73134328,22,28,56,35,153,47.36842105,45,776,488,1264,39,4,1934,18,4,0,nico o'reilly,Nico O'Reilly,20.0,€14.00m,Manchester City,England,14000000.0,16.454567959008102,400.0,27.42222222222222,0.182333807090589,0.1094002842543534,0.19839012214298626,0.09574879932175066,48300000.0,0.0,0.0,0.0,0.0,0.0,0.0,0.0,0.0,0.0,0.0,0.0,25641308.0,11641308.0
Tijjani Reijnders,Manchester City,M,13,10,27.02702703,251,11,52.38095238,446,214,660,88.82907133,3,37.5,5,26,2,0,0,54,4,4,10,2,19,0,0,16,6,68,0,1,2.25920791,3.7959,18,0,12.19512195,0,5,7,0.0,44,41.12149533,0,0,1,2139157,83,10,18.0,3,17,1503.0,4,1,0,1,0,0,0.0,0,0,0,0,184,13,0,6.85,0,2,0,0,0,0,0,0,300.6,0.0,2,27,14,16,15,19.0,44.18604651,0,10,4,40.0,17,29,43,37,47,40.86956522,21,514,229,743,41,1,1018,15,2,0,tijjani reijnders,Tijjani Reijnders,26.0,€55.00m,Manchester City,Netherlands,55000000.0,17.822843761378564,676.0,16.7,0.2994010183227435,0.11976040732909742,0.22729926509026044,0.13528182977135944,48300000.0,1.0,0.0,0.0,0.0,0.0,0.0,0.0,0.0,0.0,0.0,0.0,49814080.0,-5185920.0
Bernardo Silva,Manchester City,M,73,17,26.15384615,551,59,58.41584158,990,776,1766,90.10204082,4,16.66666667,20,34,4,0,0,128,7,1,11,5,32,0,0,29,25,136,0,2,3.84503713,2.1143,36,0,8.333333333,4,2,6,0.0,84,42.0,0,0,1,2139129,194,18,45.0,2,30,2606.0,5,6,0,0,0,0,0.0,0,0,0,0,335,17,0,6.844117647,0,0,0,0,0,0,0,0,1303.0,0.0,0,20,4,7,6,20.0,41.66666667,0,43,21,48.8372093,45,112,48,65,88,39.28571429,101,1133,827,1960,24,1,2363,21,9,0,bernardo silva,Bernardo Silva,30.0,€32.00m,Manchester City,Portugal,32000000.0,17.281246492014,900.0,28.955555555555556,0.06907134989861285,0.1381426997972257,0.07301877754531858,0.13279095248969408,48300000.0,0.0,0.0,0.0,0.0,0.0,0.0,0.0,0.0,0.0,0.0,0.0,25786630.0,-6213370.0
Nathan Aké,Manchester City,D,11,3,75.0,80,5,26.31578947,165,169,334,89.30481283,13,68.42105263,6,15,0,0,0,12,2,1,1,2,26,0,0,0,2,11,0,1,0.44223924,0.2759,2,0,0.0,11,0,0,0.0,14,73.68421053,0,0,0,2162739,40,4,6.0,0,4,504.0,1,0,0,0,0,0,0.0,0,0,0,0,51,1,0,6.809090909,0,0,0,0,0,0,0,0,0.0,0.0,0,3,0,2,0,0.0,0.0,0,8,5,62.5,6,17,1,4,27,71.05263158,19,191,183,374,3,1,462,6,1,0,nathan aké,Nathan Aké,30.0,€22.00m,Manchester City,Netherlands,22000000.0,16.906553056777135,900.0,5.6,0.0,0.0,0.049267769164697925,0.07897115183722887,48300000.0,0.0,1.0,0.0,0.0,0.0,0.0,0.0,0.0,0.0,0.0,0.0,22748028.0,748028.0
Rico Lewis,Manchester City,D,8,0,0.0,62,8,61.53846154,114,89,203,86.75213675,1,50.0,1,10,1,0,0,10,2,0,0,0,6,0,0,5,3,15,0,0,1.31145706,0.1119,4,0,0.0,0,0,1,0.0,14,50.0,0,0,0,2139125,31,7,6.0,0,3,333.0,0,1,0,0,0,0,0.0,0,0,0,0,46,3,0,6.733333333,0,0,0,0,0,0,0,0,0.0,0.0,0,1,1,2,0,2.0,50.0,0,5,3,60.0,6,13,4,2,15,50.0,13,142,92,234,2,0,319,7,1,0,rico lewis,Rico Lewis,20.0,€35.00m,Manchester City,England,35000000.0,17.370858648025116,400.0,3.7,0.0,0.27026953981205454,0.030243161504968905,0.35444689608947,48300000.0,0.0,0.0,0.0,0.0,0.0,0.0,0.0,0.0,0.0,1.0,0.0,27908972.0,-7091028.0
Savinho,Manchester City,M,3,7,21.875,117,5,41.66666667,187,48,235,83.62989324,0,0.0,4,20,1,0,0,33,0,6,2,1,6,0,0,6,2,44,0,0,1.30132452,1.6364,8,0,0.0,0,0,1,0.0,26,39.39393939,0,0,0,2266836,46,5,6.0,0,5,631.0,4,0,0,0,0,0,0.0,0,0,0,1,124,3,0,6.68,0,0,0,0,0,0,0,0,0.0,0.0,0,15,0,3,10,9.0,27.27272727,0,7,4,57.14285714,6,9,33,32,26,37.14285714,12,227,54,281,15,0,450,10,2,0,savinho,Savinho,21.0,€45.00m,Manchester City,Brazil,45000000.0,17.622173069956816,441.0,7.011111111111111,0.0,0.14263054141444173,0.23340061797059247,0.18560862084348853,48300000.0,0.0,0.0,0.0,0.0,0.0,0.0,0.0,0.0,1.0,0.0,0.0,42251430.0,-2748568.0
Omar Marmoush,Manchester City,F,1,0,0.0,58,1,100.0,95,33,128,87.07482993,2,25.0,6,18,3,0,0,15,2,2,7,0,2,0,0,12,3,40,0,0,0.70675318,2.2248,10,0,4.0,0,1,4,0.0,36,51.42857143,0,0,1,2139137,19,2,11.0,0,7,611.0,6,2,0,0,0,0,0.0,0,0,0,0,68,3,0,6.64375,0,1,0,0,0,0,0,0,611.0,0.0,2,18,7,11,7,7.0,41.17647059,0,12,6,50.0,11,2,17,11,38,48.71794872,1,112,35,147,25,1,285,18,2,0,omar marmoush,Omar Marmoush,26.0,€70.00m,Manchester City,Egypt,70000000.0,18.064005814299346,676.0,6.788888888888889,0.14729929203050274,0.44189787609150827,0.3277114649094625,0.10410424305430648,48300000.0,0.0,0.0,1.0,0.0,0.0,0.0,0.0,0.0,0.0,0.0,0.0,59412708.0,-10587292.0
John Stones,Manchester City,D,4,0,0.0,22,5,50.0,91,149,240,92.66409266,9,90.0,1,7,0,0,0,17,0,0,0,0,14,0,0,1,2,4,0,0,0.06005487,0.0,0,0,0.0,1,0,0,0.0,2,40.0,0,0,0,2139141,19,2,1.0,0,4,363.0,0,4,0,0,0,0,0.0,0,0,0,0,27,1,0,6.566666667,0,0,0,0,0,0,0,0,0.0,0.0,0,0,0,0,0,2.0,100.0,0,0,0,0.0,1,6,2,4,11,73.33333333,10,103,156,259,0,0,296,0,0,0,john stones,John Stones,31.0,€22.00m,Manchester City,England,22000000.0,16.906553056777135,961.0,4.033333333333333,0.0,0.0,0.0,0.014889600273718332,48300000.0,0.0,1.0,0.0,0.0,0.0,0.0,0.0,0.0,0.0,0.0,0.0,16279748.0,-5720252.0
Bruno Fernandes,Manchester United,M,142,50,30.3030303,598,127,59.34579439,997,505,1502,82.30136986,20,39.21568627,31,32,19,1,1,155,30,8,27,5,42,0,0,28,36,135,0,2,11.1629895,10.5287,23,1,10.38961039,0,8,27,0.0,99,48.76847291,0,0,5,2145655,323,17,121.0,0,32,2796.0,4,5,0,1,6,1,66.66666667,0,4,0,0,539,14,0,7.571875,0,8,0,0,0,0,0,0,349.5,20.0,5,37,40,28,22,15.0,46.875,0,50,29,58.0,120,233,32,165,119,46.8503937,214,1252,573,1825,77,5,2428,35,5,0,bruno fernandes,Bruno Fernandes,30.0,€50.00m,Manchester United,Portugal,50000000.0,17.72753358339242,900.0,31.066666666666666,0.2575106467240408,0.6115877859695968,0.338906543270426,0.35932358068983455,31656250.0,0.0,0.0,0.0,0.0,0.0,0.0,0.0,0.0,0.0,0.0,0.0,31408120.0,-18591880.0
Casemiro,Manchester United,M,100,4,23.52941176,292,80,52.2875817,669,584,1253,81.04786546,56,50.90909091,54,33,2,0,0,137,4,6,14,2,73,0,0,12,47,164,0,4,3.04121024,5.3391,45,0,18.36734694,0,9,11,0.0,128,53.78151261,8,0,1,2145625,293,30,34.0,0,32,2512.0,5,27,0,0,0,0,0.0,0,0,0,0,362,9,0,7.224242424,1,1,0,0,0,0,0,0,279.1111111,0.0,0,29,20,17,18,6.0,37.5,0,88,45,51.13636364,34,160,16,17,184,52.87356322,153,868,678,1546,49,3,2061,35,8,1,casemiro,Casemiro,33.0,€6.00m,Manchester United,Brazil,6000000.0,15.607270193858982,1089.0,27.91111111111111,0.3224521137711376,0.07165602528247501,0.1912893422928312,0.10896051892338095,31656250.0,0.0,0.0,0.0,1.0,0.0,0.0,0.0,0.0,0.0,0.0,0.0,5920949.0,-79051.0
Lisandro Martínez,Manchester United,D,30,1,50.0,101,32,43.24324324,318,369,687,90.27595269,11,68.75,5,15,0,0,0,56,1,0,2,2,47,0,1,2,2,20,0,1,0.56539324,0.065,9,0,0.0,19,0,0,0.0,26,63.41463415,0,0,0,2480957,74,11,4.0,0,10,967.0,0,9,1,0,0,0,0.0,0,0,0,0,86,1,0,7.066666667,1,0,0,0,0,0,0,0,0.0,0.0,0,0,4,2,0,11.0,84.61538462,0,13,8,61.53846154,4,57,13,2,37,64.9122807,74,378,383,761,4,1,893,2,0,0,lisandro martínez,Lisandro Martínez,27.0,€35.00m,Manchester United,Argentina,35000000.0,17.370858648025116,729.0,10.744444444444444,0.0,0.0,0.006049632425367961,0.05262186581212076,31656250.0,0.0,1.0,0.0,0.0,0.0,0.0,0.0,0.0,0.0,0.0,0.0,36229770.0,1229768.0
Matheus Cunha,Manchester United,F,20,8,17.0212766,261,20,52.63157895,436,222,658,80.53855569,28,38.35616438,45,31,2,0,0,118,3,4,26,2,20,0,0,51,16,182,0,0,2.68038099,6.4127,24,0,11.11111111,0,9,11,0.0,127,48.10606061,0,0,3,2145607,159,20,30.0,1,27,2333.0,2,3,0,1,0,0,0.0,0,0,0,2,387,18,0,7.061290323,0,8,0,0,0,0,0,0,259.2222222,0.0,0,45,36,22,33,41.0,46.59090909,0,36,20,55.55555556,29,37,88,47,155,45.99406528,38,557,260,817,81,2,1415,51,3,0,matheus cunha,Matheus Cunha,26.0,€55.00m,Manchester United,Brazil,55000000.0,17.822843761378564,676.0,25.92222222222222,0.34719232212897994,0.07715384936199554,0.24738224490183439,0.10340085556760824,31656250.0,0.0,0.0,0.0,0.0,0.0,0.0,0.0,0.0,0.0,0.0,1.0,58169510.0,3169512.0
Matthijs de Ligt,Manchester United,D,14,4,80.0,35,21,47.72727273,141,396,537,87.74509804,50,61.72839506,31,13,0,0,0,40,2,1,3,1,68,0,0,1,6,44,0,1,0.76599626,1.4559,6,0,9.090909091,2,1,1,0.0,24,64.86486486,1,0,0,2145627,75,15,3.0,0,13,1170.0,0,7,0,0,0,0,0.0,0,0,0,0,89,1,0,6.953846154,0,0,0,0,0,0,0,0,1170.0,0.0,0,11,0,5,3,1.0,50.0,0,19,13,68.42105263,3,28,2,5,74,62.71186441,44,187,425,612,11,1,791,5,0,0,matthijs de ligt,Matthijs de Ligt,25.0,€32.00m,Manchester United,Netherlands,32000000.0,17.281246492014,625.0,13.0,0.07692301775152481,0.0,0.11199222154444496,0.05892274390558161,31656250.0,0.0,1.0,0.0,0.0,0.0,0.0,0.0,0.0,0.0,0.0,0.0,30775322.0,-1224678.0
Amad Diallo,Manchester United,F,15,10,23.80952381,298,23,69.6969697,472,256,728,87.92270531,11,37.93103448,18,29,2,0,0,103,5,6,14,3,29,0,0,23,18,109,1,0,3.61856231,5.2265,18,0,4.166666667,0,2,4,0.0,107,54.04040404,1,0,1,2145659,100,15,39.0,1,24,2089.0,12,2,0,0,0,0,0.0,0,0,0,1,243,9,0,6.9,0,0,0,0,0,0,0,0,1044.5,0.0,0,35,13,14,20,36.0,52.17391304,0,36,24,66.66666667,39,25,69,42,118,51.98237885,33,547,281,828,48,0,1291,35,2,0,amad diallo,Amad Diallo,22.0,€40.00m,Manchester United,Cote d'Ivoire,40000000.0,17.50439003707821,484.0,23.211111111111112,0.08616559236523066,0.08616559236523066,0.22517223424843902,0.15589778247582373,31656250.0,0.0,0.0,0.0,0.0,0.0,0.0,0.0,0.0,1.0,0.0,0.0,41145816.0,1145816.0
Kobbie Mainoo,Manchester United,M,8,4,30.76923077,198,17,54.83870968,464,313,777,89.51612903,14,38.88888889,22,25,2,0,0,80,1,0,4,4,20,0,0,26,9,81,0,1,1.20794425,0.2963,11,0,10.0,0,1,3,0.0,68,53.54330709,0,0,0,2190463,91,14,18.0,0,13,1400.0,1,7,0,0,0,0,0.0,0,0,0,0,167,8,0,6.870833333,0,1,0,0,0,0,0,0,1400.0,0.0,0,0,10,3,3,16.0,53.33333333,0,34,18,52.94117647,18,27,30,13,82,50.30674847,31,525,343,868,10,1,1130,18,1,0,kobbie mainoo,Kobbie Mainoo,20.0,€50.00m,Manchester United,England,50000000.0,17.72753358339242,400.0,15.555555555555555,0.06428567295921024,0.12857134591842048,0.019047844897813995,0.0776535090084585,31656250.0,1.0,0.0,0.0,0.0,0.0,0.0,0.0,0.0,0.0,0.0,0.0,27438994.0,-22561006.0
Bryan Mbeumo,Manchester United,F,16,35,34.31372549,281,15,53.57142857,418,183,601,78.76802097,14,16.09195402,73,30,3,0,0,85,5,10,11,0,14,0,0,27,14,172,0,1,5.00623014,8.6772,23,0,13.84615385,0,9,12,0.0,68,40.71856287,1,0,2,2145657,162,8,46.0,5,29,2452.0,7,1,0,0,0,0,0.0,0,0,0,1,390,19,0,6.863333333,0,3,0,0,0,0,0,0,272.4444444,0.0,0,50,15,24,30,15.0,30.0,0,25,11,44.0,46,31,50,102,82,32.28346457,28,551,212,763,65,2,1270,28,4,0,bryan mbeumo,Bryan Mbeumo,25.0,€50.00m,Brentford FC,Cameroon,50000000.0,17.72753358339242,625.0,27.244444444444444,0.3303424562364557,0.11011415207881857,0.3184941734727748,0.18375226232584174,16000000.0,0.0,0.0,0.0,0.0,0.0,0.0,0.0,0.0,1.0,0.0,0.0,21935562.0,-28064438.0
Harry Maguire,Manchester United,D,19,1,50.0,55,38,41.30434783,218,396,614,85.87412587,54,79.41176471,14,20,2,0,0,50,2,1,2,3,83,0,1,2,3,32,1,1,0.41623334,1.0652,13,0,7.692307692,16,1,3,0.0,33,64.70588235,1,0,1,2145599,101,10,3.0,0,16,1397.0,0,9,0,0,0,2,0.0,0,0,0,0,109,2,0,6.86,1,0,0,0,0,0,0,0,1397.0,0.0,0,13,0,7,4,0.0,0.0,0,17,12,70.58823529,3,44,1,2,87,73.1092437,92,287,428,715,13,1,892,16,3,0,harry maguire,Harry Maguire,32.0,€8.00m,Manchester United,England,8000000.0,15.894952224644102,1024.0,15.522222222222222,0.06442372370697828,0.12884744741395657,0.06862415049267327,0.026815301693792756,31656250.0,0.0,1.0,0.0,0.0,0.0,0.0,0.0,0.0,0.0,0.0,0.0,8656091.0,656091.0
Diogo Dalot,Manchester United,D,38,15,27.77777778,262,40,62.5,491,437,928,84.82632541,49,70.0,21,33,3,0,0,127,5,3,3,5,90,0,0,16,21,90,1,2,2.41512244,1.6997,24,0,4.347826087,0,1,4,0.0,79,53.37837838,0,0,0,2145613,166,26,27.0,0,28,2526.0,4,9,0,0,0,0,0.0,0,0,0,0,336,9,0,6.851515152,0,1,0,0,0,0,0,0,2526.0,0.0,0,14,9,14,6,18.0,69.23076923,0,49,29,59.18367347,27,66,26,54,128,58.71559633,64,605,489,1094,23,2,1731,14,5,0,diogo dalot,Diogo Dalot,26.0,€25.00m,Manchester United,Portugal,25000000.0,17.034386422832473,676.0,28.066666666666666,0.03562944098713504,0.10688832296140512,0.06055936084583343,0.08604946245268559,31656250.0,0.0,0.0,0.0,0.0,0.0,0.0,0.0,0.0,0.0,1.0,0.0,27912272.0,2912272.0
Mason Mount,Manchester United,F,20,1,5.263157895,129,19,59.375,201,73,274,80.35190616,6,31.57894737,13,20,0,0,0,45,1,1,6,0,6,0,0,11,10,56,0,0,1.4328328,1.4878,14,0,16.66666667,0,3,3,0.0,30,41.09589041,0,0,1,2145635,67,4,13.0,0,10,845.0,0,0,0,0,0,0,0.0,0,0,0,1,120,9,0,6.822222222,0,3,0,0,0,0,0,0,281.6666667,0.0,1,12,6,7,5,5.0,35.71428571,0,16,9,56.25,13,29,14,19,36,39.13043478,32,248,93,341,18,0,480,9,1,0,mason mount,Mason Mount,26.0,€24.00m,Manchester United,England,24000000.0,16.993564429978885,676.0,9.38888888888889,0.31952628689507906,0.0,0.15846373654749954,0.15260924810849313,31656250.0,0.0,0.0,0.0,0.0,0.0,0.0,0.0,0.0,0.0,0.0,0.0,27797620.0,3797620.0
Manuel Ugarte,Manchester United,M,14,0,0.0,97,13,48.14814815,229,198,427,85.05976096,11,42.30769231,15,22,0,0,0,51,0,1,5,1,20,0,0,11,16,69,0,1,0.20449789,0.7116,24,0,0.0,0,0,0,0.0,68,55.73770492,0,0,0,2145619,75,20,3.0,0,8,900.0,0,5,0,0,0,0,0.0,0,0,0,0,104,1,0,6.690909091,0,0,0,0,0,0,0,0,0.0,0.0,0,6,7,7,1,7.0,70.0,0,46,29,63.04347826,3,29,10,1,79,53.37837838,27,283,219,502,13,0,699,15,1,0,manuel ugarte,Manuel Ugarte,24.0,€40.00m,Manchester United,Uruguay,40000000.0,17.50439003707821,576.0,10.0,0.0,0.0,0.07115992884007116,0.02044976855023145,31656250.0,0.0,0.0,0.0,1.0,0.0,0.0,0.0,0.0,0.0,0.0,0.0,31480150.0,-8519850.0
Leny Yoro,Manchester United,D,21,1,33.33333333,131,36,48.0,342,529,871,88.42639594,44,56.41025641,34,31,0,0,0,73,0,2,1,1,84,0,0,5,8,64,0,3,0.63128932,1.3853,16,0,0.0,5,0,0,0.0,38,55.88235294,0,0,0,2145651,114,30,4.0,0,18,1732.0,2,10,0,0,0,1,0.0,0,0,0,0,143,2,0,6.648275862,0,0,0,0,0,0,0,0,0.0,0.0,0,9,0,5,3,2.0,66.66666667,0,31,20,64.51612903,4,52,3,3,82,56.16438356,75,410,575,985,9,0,1232,5,1,0,leny yoro,Leny Yoro,19.0,€50.00m,Manchester United,France,50000000.0,17.72753358339242,361.0,19.244444444444444,0.0,0.0,0.07198437368017534,0.03280370050616025,31656250.0,0.0,1.0,0.0,0.0,0.0,0.0,0.0,0.0,0.0,0.0,0.0,33405532.0,-16594468.0
Joshua Zirkzee,Manchester United,F,4,2,40.0,41,2,40.0,97,66,163,75.46296296,17,40.47619048,25,21,1,0,0,17,2,4,5,0,9,0,0,10,2,48,0,0,0.32957712,2.3854,8,0,9.523809524,0,2,3,0.0,19,45.23809524,0,0,0,2190465,53,1,10.0,2,4,575.0,1,2,0,0,0,0,0.0,0,0,0,0,101,2,0,6.542857143,0,0,0,0,0,0,0,0,287.5,0.0,0,18,3,9,7,5.0,62.5,0,9,6,66.66666667,10,6,8,5,36,42.85714286,5,136,80,216,21,0,345,5,2,0,joshua zirkzee,Joshua Zirkzee,24.0,€25.00m,Manchester United,Netherlands,25000000.0,17.034386422832473,576.0,6.388888888888889,0.31304298828054006,0.15652149414027003,0.3733663721222002,0.051585903256847074,31656250.0,0.0,0.0,1.0,0.0,0.0,0.0,0.0,0.0,0.0,0.0,0.0,23854102.0,-1145898.0
Tyrell Malacia,Manchester United,D,0,0,0.0,1,0,0.0,3,2,5,71.42857143,0,0.0,0,2,0,0,0,2,0,0,0,0,1,0,0,0,0,0,0,0,0.0011053,0.0,0,0,0.0,0,0,0,0.0,1,100.0,0,0,0,2550832,2,0,0.0,0,0,24.0,0,0,0,0,0,0,0.0,0,0,0,0,2,0,0,6.5,0,0,0,0,0,0,0,0,0.0,0.0,0,0,0,0,0,0.0,0.0,0,1,0,0.0,0,1,0,0,1,100.0,2,5,2,7,0,0,12,0,0,0,tyrell malacia,Tyrell Malacia,25.0,€3.50m,Manchester United,Netherlands,3500000.0,15.068273812173887,625.0,0.26666666666666666,0.0,0.0,0.0,0.004144719573016012,31656250.0,0.0,0.0,0.0,0.0,0.0,0.0,1.0,0.0,0.0,0.0,0.0,3848850.0,348850.0
Virgil van Dijk,Liverpool FC,D,78,0,0.0,388,131,47.63636364,1080,1218,2298,89.27738928,159,74.29906542,55,35,0,0,0,80,0,7,4,10,263,0,0,1,1,70,2,2,1.15244618,3.0335,17,0,16.0,131,4,4,0.0,39,72.22222222,3,0,0,2134409,276,22,11.0,0,35,3150.0,1,23,0,0,0,1,0.0,0,0,0,0,296,2,0,7.234285714,0,0,0,0,0,0,0,0,787.5,0.0,0,23,2,9,12,2.0,100.0,0,22,13,59.09090909,11,145,2,1,198,73.88059701,275,1303,1271,2574,25,3,3013,15,4,0,virgil van dijk,Virgil van Dijk,33.0,€20.00m,Liverpool FC,Netherlands,20000000.0,16.811242881518265,1089.0,35.0,0.11428568163266238,0.0,0.08667140380817033,0.03292702430656448,49166666.666666664,0.0,1.0,0.0,0.0,0.0,0.0,0.0,0.0,0.0,0.0,0.0,20851962.0,851962.0
Dominik Szoboszlai,Liverpool FC,M,78,58,32.58426966,616,122,61.30653266,1076,727,1803,87.73722628,18,47.36842105,20,33,5,0,0,179,9,3,23,8,57,0,1,24,35,135,1,5,5.8217762,4.2529,35,4,9.230769231,0,6,11,0.0,106,47.9638009,0,0,1,2134446,252,28,65.0,1,33,2963.0,2,8,0,0,1,0,0.0,0,0,0,0,475,17,0,7.212121212,1,5,0,0,0,0,0,0,493.8333333,30.76923077,13,16,49,22,20,25.0,54.34782609,0,52,32,61.53846154,65,133,46,178,124,47.87644788,199,1241,814,2055,65,4,2801,29,8,0,dominik szoboszlai,Dominik Szoboszlai,24.0,€80.00m,Liverpool FC,Hungary,80000000.0,18.197537205138154,576.0,32.922222222222224,0.18224766654643942,0.1518730554553662,0.1291801835092254,0.17683418793426622,49166666.666666664,0.0,0.0,0.0,0.0,0.0,0.0,0.0,0.0,0.0,0.0,0.0,61201236.0,-18798764.0
Ibrahima Konaté,Liverpool FC,D,45,1,33.33333333,232,61,46.21212121,743,1048,1791,89.63963964,113,70.1863354,48,33,0,0,0,104,2,2,3,8,181,0,0,5,10,95,0,3,0.93873559,1.0717,31,0,10.0,22,1,1,0.0,91,65.94202899,0,0,0,2134457,207,28,7.0,0,33,2844.0,0,24,0,0,0,1,0.0,0,0,0,0,242,1,0,7.103030303,0,1,0,0,0,0,0,0,2844.0,0.0,0,9,1,4,3,5.0,71.42857143,0,51,28,54.90196078,7,93,7,3,204,68.22742475,132,875,1123,1998,10,4,2444,38,6,0,ibrahima konaté,Ibrahima Konaté,26.0,€55.00m,Liverpool FC,France,55000000.0,17.822843761378564,676.0,31.6,0.031645559605835566,0.0,0.03391454622957398,0.029706813067464217,49166666.666666664,0.0,1.0,0.0,0.0,0.0,0.0,0.0,0.0,0.0,0.0,0.0,59111470.0,4111472.0
Ryan Gravenberch,Liverpool FC,M,19,0,0.0,436,22,31.88405797,928,641,1569,89.19840819,26,56.52173913,20,33,3,0,0,122,4,0,13,9,51,0,0,23,16,112,0,2,2.11982189,1.7249,34,0,11.76470588,0,4,7,0.0,120,56.60377358,0,0,1,2176560,190,45,25.0,1,31,2757.0,0,12,0,0,0,0,0.0,0,0,0,0,299,9,0,7.054545455,0,3,0,0,0,0,0,0,689.25,0.0,0,7,27,11,10,28.0,57.14285714,0,53,32,60.37735849,25,42,49,6,146,56.58914729,69,1065,694,1759,34,3,2223,39,5,0,ryan gravenberch,Ryan Gravenberch,23.0,€75.00m,Liverpool FC,Netherlands,75000000.0,18.132998684833918,529.0,30.633333333333333,0.13057667119368732,0.09793250339526549,0.056307925035497815,0.0691998214799277,49166666.666666664,0.0,0.0,0.0,1.0,0.0,0.0,0.0,0.0,0.0,0.0,0.0,56399828.0,-18600172.0
Cody Gakpo,Liverpool FC,M,16,11,12.64367816,329,14,56.0,465,97,562,78.6013986,54,54.0,46,33,5,0,0,82,10,6,31,6,19,0,0,25,12,156,0,0,4.63855578,7.7148,41,0,8.43373494,0,7,12,0.0,103,48.35680751,0,0,4,2134417,153,12,50.0,2,29,2513.0,24,4,0,0,0,0,0.0,0,0,0,1,372,19,0,6.948484848,0,5,0,0,0,0,0,0,359.0,0.0,0,55,28,31,21,34.0,50.74626866,0,27,14,51.85185185,50,31,67,87,157,50.15974441,25,583,132,715,83,1,1255,42,3,0,cody gakpo,Cody Gakpo,26.0,€65.00m,Liverpool FC,Netherlands,65000000.0,17.989897843244528,676.0,27.92222222222222,0.2506962890462952,0.17906877789021086,0.2762959615334798,0.16612410294003477,49166666.666666664,0.0,0.0,0.0,0.0,0.0,1.0,0.0,0.0,0.0,0.0,0.0,63961084.0,-1038916.0
Florian Wirtz,Liverpool FC,M,40,5,15.625,575,40,57.97101449,908,273,1181,84.53829635,6,13.63636364,38,31,3,0,0,110,5,7,18,2,13,0,0,36,17,142,0,1,5.13782327,6.3045,21,0,10.41666667,0,5,8,0.0,89,46.11398964,0,0,1,2134443,216,10,61.0,1,27,2347.0,2,2,0,1,0,0,0.0,0,0,0,0,370,19,0,6.880645161,0,4,0,0,0,0,0,0,469.4,0.0,1,34,14,13,17,38.0,54.28571429,0,32,25,78.125,60,72,70,32,95,40.08438819,69,1086,311,1397,48,3,1835,19,1,0,florian wirtz,Florian Wirtz,22.0,€140.00m,Liverpool FC,Germany,140000000.0,18.757152987716434,484.0,26.07777777777778,0.19173405515098013,0.11504043309058808,0.24175747013987084,0.1970191380412338,49166666.666666664,0.0,0.0,0.0,0.0,0.0,0.0,0.0,0.0,0.0,0.0,0.0,94265840.0,-45734160.0
Mohamed Salah,Liverpool FC,M,36,18,16.51376147,323,19,48.71794872,454,112,566,76.48648649,8,29.62962963,19,25,6,0,0,74,10,11,22,4,7,0,0,47,9,135,0,0,4.792705,7.9056,10,0,10.9375,0,7,13,0.0,48,29.26829268,0,0,0,2134441,174,4,48.0,4,22,2058.0,14,1,0,0,1,0,100.0,0,1,0,0,440,19,0,6.876,0,3,0,0,0,0,0,0,294.0,0.0,2,54,10,25,17,16.0,24.24242424,0,16,12,75.0,48,69,66,109,56,29.31937173,39,608,132,740,64,1,1235,16,1,0,mohamed salah,Mohamed Salah,33.0,€45.00m,Liverpool FC,Egypt,45000000.0,17.622173069956816,1089.0,22.866666666666667,0.3061223151068593,0.2623905558058794,0.34572579632982664,0.20959342146060284,49166666.666666664,0.0,0.0,0.0,0.0,0.0,0.0,0.0,0.0,1.0,0.0,0.0,36247464.0,-8752536.0
Curtis Jones,Liverpool FC,M,21,1,11.11111111,421,48,64.86486486,829,488,1317,91.5218902,10,28.57142857,25,31,2,0,0,131,4,3,5,1,24,0,0,23,19,90,0,5,2.63019577,2.048,15,0,0.0,0,0,2,0.0,78,54.54545455,0,0,2,2134453,122,16,19.0,0,15,1680.0,0,4,0,0,0,0,0.0,0,0,0,0,203,8,0,6.803225806,0,0,0,0,0,0,0,0,0.0,0.0,0,12,8,9,6,18.0,66.66666667,0,35,20,57.14285714,19,43,27,9,88,49.43820225,74,917,522,1439,20,0,1744,25,2,0,curtis jones,Curtis Jones,24.0,€40.00m,Liverpool FC,England,40000000.0,17.50439003707821,576.0,18.666666666666668,0.0,0.1071427997449287,0.10971422693880699,0.14090326933753428,49166666.666666664,1.0,0.0,0.0,0.0,0.0,0.0,0.0,0.0,0.0,0.0,0.0,43195436.0,3195436.0
Alexis Mac Allister,Liverpool FC,M,27,9,47.36842105,335,43,49.42528736,727,399,1126,86.54880861,15,44.11764706,19,34,4,0,0,102,4,2,18,6,33,0,0,27,35,121,0,1,1.54695822,3.4077,28,0,4.347826087,0,2,6,0.0,88,46.31578947,0,0,2,2134451,175,20,31.0,0,28,2405.0,0,8,0,1,0,0,0.0,0,0,0,0,266,11,0,6.741176471,0,2,0,0,0,0,0,0,1202.5,0.0,0,28,18,17,11,10.0,40.0,0,47,22,46.80851064,30,70,25,19,103,45.98214286,87,857,444,1301,46,0,1692,31,5,0,alexis mac allister,Alexis Mac Allister,26.0,€90.00m,Liverpool FC,Argentina,90000000.0,18.31532023940565,676.0,26.72222222222222,0.07484404683590763,0.14968809367181526,0.12752302920136122,0.05789030673543615,49166666.666666664,1.0,0.0,0.0,0.0,0.0,0.0,0.0,0.0,0.0,0.0,0.0,51404370.0,-38595632.0
Jeremie Frimpong,Liverpool FC,D,3,9,19.14893617,143,7,30.43478261,235,107,342,84.86352357,7,43.75,9,19,1,0,0,47,4,0,4,1,13,0,0,14,9,51,0,0,1.45570667,0.4647,8,0,0.0,0,0,1,0.0,45,51.72413793,0,0,0,2134429,61,6,14.0,0,11,962.0,4,0,0,0,0,0,0.0,0,0,0,0,156,8,0,6.731578947,0,0,0,0,0,0,0,0,0.0,0.0,0,7,2,4,1,18.0,60.0,0,10,10,100.0,14,6,30,47,52,50.48543689,23,272,131,403,9,0,667,17,1,0,jeremie frimpong,Jeremie Frimpong,24.0,€50.00m,Liverpool FC,Netherlands,50000000.0,17.72753358339242,576.0,10.688888888888888,0.0,0.09355500602962015,0.04347501130196448,0.13618864628920826,49166666.666666664,0.0,0.0,0.0,0.0,0.0,0.0,0.0,0.0,0.0,1.0,0.0,33481568.0,-16518432.0
Wataru Endo,Liverpool FC,M,1,0,0.0,18,5,83.33333333,38,42,80,85.10638298,8,66.66666667,4,8,1,0,0,3,0,0,1,0,13,0,0,1,2,10,0,0,0.05474669,0.0386,2,0,0.0,0,0,1,0.0,10,62.5,0,0,0,2134433,14,0,1.0,0,1,206.0,0,0,0,0,0,0,0.0,0,0,0,0,27,0,0,6.7,0,0,0,0,0,0,0,0,0.0,0.0,0,0,1,0,0,0.0,0.0,0,7,3,42.85714286,1,1,1,3,18,64.28571429,6,46,48,94,1,0,140,3,1,0,wataru endo,Wataru Endo,32.0,€3.50m,Liverpool FC,Japan,3500000.0,15.068273812173887,1024.0,2.2888888888888888,0.0,0.4368912951351184,0.01686400399221557,0.023918352298460833,49166666.666666664,0.0,0.0,0.0,1.0,0.0,0.0,0.0,0.0,0.0,0.0,0.0,4010913.2,510913.25
Conor Bradley,Liverpool FC,D,9,4,16.66666667,137,10,25.0,251,162,413,83.94308943,15,48.38709677,16,15,1,0,0,43,3,0,4,2,29,0,0,11,15,75,0,0,0.93808918,0.241,18,0,0.0,0,0,1,0.0,46,43.80952381,0,0,1,2176556,79,13,4.0,0,12,932.0,1,4,0,0,0,0,0.0,0,0,0,0,150,3,0,6.633333333,0,0,0,0,0,0,0,0,0.0,0.0,0,4,2,2,0,7.0,31.81818182,0,19,15,78.94736842,4,16,22,24,61,44.85294118,40,310,182,492,6,0,808,20,5,0,conor bradley,Conor Bradley,21.0,€25.00m,Liverpool FC,Northern Ireland,25000000.0,17.034386422832473,441.0,10.355555555555556,0.0,0.09656643035430545,0.023272509715387614,0.09058792346659751,49166666.666666664,0.0,0.0,0.0,0.0,0.0,0.0,0.0,0.0,0.0,1.0,0.0,28429208.0,3429208.0
Federico Chiesa,Liverpool FC,F,1,0,0.0,41,1,25.0,59,17,76,71.69811321,3,37.5,5,24,1,0,0,8,2,1,6,0,7,0,0,3,4,30,0,0,0.60598308,1.4086,9,0,12.5,0,2,3,0.0,15,37.5,0,0,0,2134447,30,4,3.0,0,1,363.0,2,2,0,0,0,0,0.0,0,0,0,0,74,0,0,6.595652174,0,2,0,0,0,0,0,0,181.5,0.0,0,12,4,6,4,2.0,18.18181818,0,8,6,75.0,3,6,11,15,18,37.5,4,84,22,106,16,0,209,5,3,0,federico chiesa,Federico Chiesa,27.0,€8.00m,Liverpool FC,Italy,8000000.0,15.894952224644102,729.0,4.033333333333333,0.49586653917386986,0.24793326958693493,0.3492388035401566,0.15024336633876118,49166666.666666664,0.0,0.0,0.0,0.0,0.0,0.0,0.0,0.0,1.0,0.0,0.0,11909609.0,3909609.0
Alexander Isak,Liverpool FC,F,2,0,0.0,30,3,60.0,43,11,54,64.28571429,8,29.62962963,19,13,1,0,0,12,1,5,2,0,9,0,0,7,2,40,0,0,0.09677609,2.6518,5,0,17.64705882,0,3,4,0.0,8,27.5862069,0,0,0,2289727,30,0,2.0,2,8,691.0,0,1,0,0,0,0,0.0,0,0,0,0,64,3,0,6.569230769,0,1,0,0,0,0,0,0,230.3333333,0.0,0,15,2,9,6,1.0,11.11111111,0,6,5,83.33333333,2,5,9,2,16,28.57142857,5,69,15,84,17,0,173,1,0,0,alexander isak,Alexander Isak,25.0,€120.00m,Newcastle United,Sweden,120000000.0,18.603002309079653,625.0,7.677777777777778,0.39073755186136516,0.13024585062045504,0.34538594667532274,0.012604684161771714,30431578.94736842,0.0,0.0,1.0,0.0,0.0,0.0,0.0,0.0,0.0,0.0,0.0,66246172.0,-53753828.0
Joe Gomez,Liverpool FC,D,8,2,13.33333333,44,10,45.45454545,96,121,217,79.48717949,10,47.61904762,11,18,2,0,0,18,3,0,0,1,23,0,0,6,4,33,0,0,0.63296637,0.2268,10,0,0.0,0,0,2,0.0,12,35.29411765,0,0,0,2134465,56,9,6.0,0,6,553.0,0,1,0,1,0,0,0.0,0,0,0,0,101,0,0,6.55,0,0,0,0,0,0,0,0,0.0,0.0,0,3,0,2,1,3.0,60.0,0,9,7,77.77777778,5,17,5,15,22,40.0,22,128,145,273,3,0,418,0,2,0,joe gomez,Joe Gomez,28.0,€16.00m,Liverpool FC,England,16000000.0,16.588099342704055,784.0,6.144444444444445,0.0,0.3254967577810452,0.036911332332370525,0.10301425060971872,49166666.666666664,0.0,1.0,0.0,0.0,0.0,0.0,0.0,0.0,0.0,0.0,0.0,17507412.0,1507412.0
Youri Tielemans,Aston Villa,M,40,11,26.19047619,262,54,65.85365854,524,329,853,84.79125249,20,54.05405405,17,22,4,0,0,83,5,2,6,2,17,0,0,12,21,79,0,1,2.9489544,1.0538,25,0,0.0,0,0,4,0.0,95,60.50955414,0,0,0,2135785,153,18,29.0,0,19,1666.0,1,12,0,0,0,0,0.0,0,0,0,0,230,7,0,7.159090909,0,0,0,0,0,0,0,0,0.0,0.0,0,8,11,9,4,9.0,64.28571429,0,52,31,59.61538462,29,77,14,42,115,59.27835052,82,637,369,1006,19,1,1323,35,0,0,youri tielemans,Youri Tielemans,28.0,€32.00m,Aston Villa,Belgium,32000000.0,17.281246492014,784.0,18.511111111111113,0.0,0.21608631784052457,0.0569279404350862,0.15930717444390335,21009523.80952381,1.0,0.0,0.0,0.0,0.0,0.0,0.0,0.0,0.0,0.0,0.0,26703304.0,-5296696.0
Boubacar Kamara,Aston Villa,M,37,0,0.0,198,31,67.39130435,392,330,722,88.26405868,36,64.28571429,20,18,3,0,0,65,0,2,3,2,20,0,0,15,19,88,0,3,0.86047139,0.4904,17,0,14.28571429,0,1,4,0.0,80,54.05405405,0,0,0,2135769,96,18,15.0,1,17,1418.0,0,8,0,0,0,0,0.0,0,0,0,0,145,5,0,7.122222222,0,0,0,0,0,0,0,0,1418.0,0.0,0,5,2,0,4,14.0,45.16129032,0,37,17,45.94594595,15,61,31,2,116,56.8627451,46,461,357,818,7,0,1048,30,5,0,boubacar kamara,Boubacar Kamara,25.0,€35.00m,Aston Villa,France,35000000.0,17.370858648025116,625.0,15.755555555555556,0.06346963531546418,0.19040890594639256,0.031125509158703636,0.05461380532269055,21009523.80952381,0.0,0.0,0.0,1.0,0.0,0.0,0.0,0.0,0.0,0.0,0.0,28450254.0,-6549746.0
Amadou Onana,Aston Villa,M,29,0,0.0,139,42,64.61538462,349,385,734,87.27705113,45,66.17647059,23,24,0,0,0,72,0,4,4,3,58,0,0,10,11,69,1,1,0.70305997,1.7146,20,0,10.52631579,0,2,2,0.0,76,62.29508197,1,0,1,2135760,107,25,7.0,0,21,1759.0,0,17,0,0,0,0,0.0,0,0,0,0,145,5,0,7.05,0,1,0,0,0,0,0,0,879.5,0.0,0,10,9,8,7,7.0,53.84615385,0,47,29,61.70212766,7,52,13,0,121,63.68421053,65,427,414,841,19,1,1138,25,3,0,amadou onana,Amadou Onana,23.0,€42.00m,Aston Villa,Belgium,42000000.0,17.553180200057167,529.0,19.544444444444444,0.10233081745438562,0.0,0.08772820980364478,0.03597235072477791,21009523.80952381,0.0,0.0,0.0,1.0,0.0,0.0,0.0,0.0,0.0,0.0,0.0,37892724.0,-4107276.0
Ezri Konsa,Aston Villa,D,30,1,20.0,170,54,58.06451613,637,1242,1879,95.28397566,31,58.49056604,22,32,0,0,0,100,1,1,4,8,115,0,1,6,4,47,1,1,0.56455038,1.2515,11,0,0.0,25,0,0,0.0,60,70.58823529,0,0,1,2135747,93,23,5.0,0,32,2856.0,0,27,0,0,0,0,0.0,0,0,0,0,123,3,0,6.9875,1,0,0,0,0,0,0,0,0.0,0.0,0,11,0,5,2,7.0,63.63636364,0,21,7,33.33333333,5,73,11,5,91,65.94202899,93,695,1277,1972,11,0,2293,34,0,0,ezri konsa,Ezri Konsa,27.0,€30.00m,Aston Villa,England,30000000.0,17.216707972959764,729.0,31.733333333333334,0.0,0.0,0.03943801278213883,0.017790447545027035,21009523.80952381,0.0,1.0,0.0,0.0,0.0,0.0,0.0,0.0,0.0,0.0,0.0,21615510.0,-8384490.0
John McGinn,Aston Villa,M,38,20,27.02702703,217,38,60.31746032,371,201,572,82.77858177,11,35.48387097,20,27,3,0,0,81,6,3,5,2,14,0,0,46,14,127,0,1,3.36384216,2.6781,29,0,18.18181818,0,4,7,0.0,90,45.68527919,0,0,0,2135749,119,12,37.0,4,26,1979.0,0,5,0,0,0,0,0.0,0,0,0,0,279,19,0,6.9,0,0,0,0,0,0,0,0,494.75,0.0,0,10,12,8,9,17.0,48.57142857,0,27,15,55.55555556,37,79,35,74,101,44.29824561,63,461,230,691,22,1,1077,46,4,0,john mcginn,John McGinn,30.0,€10.00m,Aston Villa,Scotland,10000000.0,16.118095750958314,900.0,21.988888888888887,0.18190997285549493,0.1364324796416212,0.12179327457607525,0.15297910900394235,21009523.80952381,1.0,0.0,0.0,0.0,0.0,0.0,0.0,0.0,0.0,0.0,0.0,4637228.0,-5362772.0
Pau Torres,Aston Villa,D,40,0,0.0,143,51,42.5,382,609,991,88.87892377,25,53.19148936,22,19,0,0,0,79,0,0,1,4,56,0,0,4,9,46,2,2,0.37056408,0.5686,7,0,0.0,61,0,0,0.0,33,57.89473684,0,0,0,2163603,124,11,1.0,0,17,1569.0,0,17,1,0,0,0,0.0,0,0,0,0,149,3,0,6.889473684,0,0,0,0,0,0,0,0,0.0,0.0,0,7,0,6,0,7.0,63.63636364,0,21,13,61.9047619,1,89,11,4,58,55.76923077,120,475,640,1115,7,0,1285,5,1,0,pau torres,Pau Torres,28.0,€28.00m,Aston Villa,Spain,28000000.0,17.147715103853763,784.0,17.433333333333334,0.0,0.0,0.032615660067499004,0.021256053581613626,21009523.80952381,0.0,1.0,0.0,0.0,0.0,0.0,0.0,0.0,0.0,0.0,0.0,19345294.0,-8654706.0
Matty Cash,Aston Villa,D,41,24,20.51282051,310,53,42.4,582,531,1113,85.54957725,31,55.35714286,25,32,3,0,0,83,4,0,7,8,81,0,0,15,31,118,1,2,2.82422866,1.1709,39,0,10.34482759,0,3,6,0.0,102,52.30769231,0,0,1,2135773,188,21,28.0,1,32,2805.0,4,12,0,1,0,0,0.0,0,0,0,0,406,3,0,6.884375,0,2,0,0,0,0,0,0,935.0,0.0,0,9,20,12,10,11.0,57.89473684,0,64,31,48.4375,27,103,19,117,133,52.98804781,125,710,591,1301,29,3,2028,29,8,0,matty cash,Matty Cash,27.0,€20.00m,Aston Villa,Poland,20000000.0,16.811242881518265,729.0,31.166666666666668,0.09625665360749082,0.09625665360749082,0.03756897190300367,0.09061693327798932,21009523.80952381,0.0,0.0,0.0,0.0,0.0,0.0,0.0,0.0,0.0,1.0,0.0,20758984.0,758984.0
Matty Cash,Aston Villa,D,41,24,20.51282051,310,53,42.4,582,531,1113,85.54957725,31,55.35714286,25,32,3,0,0,83,4,0,7,8,81,0,0,15,31,118,1,2,2.82422866,1.1709,39,0,10.34482759,0,3,6,0.0,102,52.30769231,0,0,1,2135773,188,21,28.0,1,32,2805.0,4,12,0,1,0,0,0.0,0,0,0,0,406,3,0,6.884375,0,2,0,0,0,0,0,0,935.0,0.0,0,9,20,12,10,11.0,57.89473684,0,64,31,48.4375,27,103,19,117,133,52.98804781,125,710,591,1301,29,3,2028,29,8,0,matty cash,Matty Cash,27.0,€20.00m,Aston Villa,Poland,20000000.0,16.811242881518265,729.0,31.166666666666668,0.09625665360749082,0.09625665360749082,0.03756897190300367,0.09061693327798932,21009523.80952381,0.0,0.0,0.0,0.0,0.0,0.0,0.0,0.0,0.0,1.0,0.0,20758984.0,758984.0
Ross Barkley,Aston Villa,M,10,0,0.0,106,11,68.75,168,114,282,87.30650155,13,54.16666667,11,18,0,0,0,37,3,1,3,0,9,0,0,14,6,42,0,0,1.20959874,0.74,6,0,15.38461538,0,2,2,0.0,27,46.55172414,1,0,0,2342486,41,2,8.0,1,5,654.0,0,3,0,0,0,0,0.0,0,0,0,0,75,2,0,6.877777778,0,0,0,0,0,0,0,0,327.0,0.0,0,6,7,4,6,10.0,66.66666667,0,10,8,80.0,8,13,15,0,40,48.7804878,16,195,128,323,13,1,433,7,1,0,ross barkley,Ross Barkley,31.0,€1.50m,Aston Villa,England,1500000.0,14.220976332738882,961.0,7.266666666666667,0.2752289790426894,0.0,0.10183472224579508,0.16645831313076173,21009523.80952381,1.0,0.0,0.0,0.0,0.0,0.0,0.0,0.0,0.0,0.0,0.0,2141177.8,641177.75
Morgan Rogers,Aston Villa,M,34,3,6.382978723,354,36,63.15789474,502,248,750,75.1503006,26,30.95238095,58,35,5,0,0,130,11,4,25,7,30,0,0,78,22,273,0,2,4.01022959,6.5917,44,1,11.11111111,0,9,14,0.0,125,36.76470588,0,0,3,2135763,248,13,42.0,2,35,3105.0,3,3,0,0,0,1,0.0,0,0,0,0,583,22,0,6.837142857,0,7,0,0,0,0,0,0,345.0,25.0,4,47,34,25,31,41.0,35.65217391,0,38,21,55.26315789,42,61,115,47,151,35.61320755,57,694,304,998,81,4,1702,47,7,0,morgan rogers,Morgan Rogers,22.0,€50.00m,Aston Villa,England,50000000.0,17.72753358339242,484.0,34.5,0.26086948960304646,0.1449274942239147,0.1910637127351557,0.11623850514825936,21009523.80952381,0.0,0.0,0.0,0.0,0.0,0.0,0.0,0.0,0.0,0.0,0.0,24560528.0,-25439472.0
Emiliano Buendía,Aston Villa,M,18,0,0.0,202,22,59.45945946,299,188,487,81.03161398,20,36.36363636,35,33,2,0,0,99,3,2,13,0,18,0,0,31,19,138,0,1,2.01496258,3.2561,37,1,13.33333333,0,6,8,0.0,86,45.5026455,1,0,1,2163566,114,10,25.0,1,19,1593.0,1,4,0,0,0,0,0.0,0,0,0,0,205,13,0,6.83030303,0,4,0,0,0,0,0,0,265.5,20.0,5,16,29,21,11,9.0,32.14285714,0,40,21,52.5,25,30,28,9,106,43.44262295,37,386,215,601,45,3,947,37,6,0,emiliano buendía,Emiliano Buendía,28.0,€10.00m,Aston Villa,Argentina,10000000.0,16.118095750958314,784.0,17.7,0.3389828593317179,0.11299428644390597,0.1839603480450011,0.11383962946913591,21009523.80952381,0.0,0.0,0.0,0.0,0.0,0.0,0.0,0.0,0.0,0.0,0.0,16529558.0,6529558.0
Ollie Watkins,Aston Villa,F,3,2,33.33333333,145,3,50.0,222,87,309,72.02797203,33,37.93103448,54,34,2,0,0,47,4,17,21,3,14,0,0,42,4,159,0,0,1.2503581,12.2375,33,0,15.49295775,0,11,13,0.0,74,41.34078212,4,0,2,2135787,120,6,22.0,2,30,2582.0,20,1,0,0,0,0,0.0,0,0,0,0,262,15,0,6.755882353,0,5,0,0,0,0,0,0,234.7272727,0.0,0,60,11,20,30,22.0,43.1372549,0,21,13,61.9047619,22,8,51,6,107,40.22556391,6,315,114,429,71,3,808,31,3,0,ollie watkins,Ollie Watkins,29.0,€35.00m,Aston Villa,England,35000000.0,17.370858648025116,841.0,28.68888888888889,0.38342356890735396,0.06971337616497345,0.4265587204094313,0.04358334228311074,21009523.80952381,0.0,0.0,1.0,0.0,0.0,0.0,0.0,0.0,0.0,0.0,0.0,26121516.0,-8878484.0
Lucas Digne,Aston Villa,D,25,31,30.69306931,172,11,20.75471698,308,255,563,81.00719424,32,55.17241379,26,29,5,0,0,60,3,0,5,5,56,0,0,10,12,67,2,1,3.08507233,0.6811,12,0,0.0,0,0,5,0.0,50,54.94505495,0,0,1,2135777,132,14,24.0,0,20,1760.0,3,4,0,0,0,0,0.0,0,0,0,0,275,1,0,6.744827586,0,0,0,0,0,0,0,0,0.0,0.0,4,5,8,3,5,4.0,36.36363636,0,34,26,76.47058824,24,51,11,101,82,55.03355705,53,386,309,695,13,0,1158,12,3,0,lucas digne,Lucas Digne,31.0,€5.00m,Aston Villa,France,5000000.0,15.424948670398354,961.0,19.555555555555557,0.0,0.25568168743550074,0.034828959462463914,0.1577592998389944,21009523.80952381,0.0,0.0,0.0,0.0,0.0,0.0,1.0,0.0,0.0,0.0,0.0,4203918.0,-796082.0
Jadon Sancho,Aston Villa,M,6,3,13.04347826,166,2,66.66666667,234,78,312,83.6461126,3,33.33333333,6,22,2,0,0,26,3,1,6,0,9,0,0,9,7,38,1,1,1.91922828,0.5778,3,0,0.0,0,0,2,0.0,24,42.85714286,0,0,0,2293998,61,2,21.0,0,9,882.0,3,0,0,0,0,0,0.0,0,0,0,0,127,3,0,6.672727273,0,0,0,0,0,0,0,0,0.0,0.0,0,8,2,1,3,15.0,53.57142857,0,7,3,42.85714286,21,10,28,23,27,41.53846154,3,282,91,373,10,0,521,2,0,0,jadon sancho,Jadon Sancho,25.0,€23.00m,Manchester United,England,23000000.0,16.951004817371683,625.0,9.8,0.0,0.2040814244067098,0.05895912351109846,0.1958394205720198,31656250.0,0.0,0.0,0.0,0.0,0.0,1.0,0.0,0.0,0.0,0.0,0.0,31446604.0,8446604.0
Tyrone Mings,Aston Villa,D,16,0,0.0,76,32,42.10526316,249,450,699,89.5006402,37,58.73015873,26,15,0,0,0,39,1,2,4,3,69,0,0,2,1,37,0,0,0.40661855,1.3749,8,0,0.0,38,0,0,0.0,12,52.17391304,0,0,0,2135781,82,9,5.0,0,13,1143.0,0,7,0,0,0,0,0.0,0,0,0,0,94,0,0,6.66,0,0,0,0,0,0,0,0,0.0,0.0,0,9,0,4,1,2.0,50.0,0,4,2,50.0,5,41,4,3,49,56.97674419,76,301,480,781,9,0,928,8,0,0,tyrone mings,Tyrone Mings,32.0,€800k,Aston Villa,England,800000.0,13.592368256649284,1024.0,12.7,0.0,0.0,0.10825975727578169,0.03201718345103666,21009523.80952381,0.0,1.0,0.0,0.0,0.0,0.0,0.0,0.0,0.0,0.0,0.0,1260317.5,460317.5
Donyell Malen,Aston Villa,F,0,2,28.57142857,40,1,20.0,58,15,73,77.65957447,3,30.0,7,21,1,0,0,10,0,5,6,0,2,0,0,13,2,36,0,0,0.34406701,4.0704,2,0,14.81481481,0,4,5,0.0,18,38.29787234,0,0,1,2135737,21,0,7.0,0,5,680.0,1,0,0,0,0,0,0.0,0,0,0,0,65,1,0,6.647619048,0,4,0,0,0,0,0,0,170.0,0.0,0,22,5,12,9,8.0,40.0,0,4,3,75.0,7,1,20,7,21,36.84210526,5,74,20,94,27,1,206,6,0,0,donyell malen,Donyell Malen,26.0,€20.00m,Aston Villa,Netherlands,20000000.0,16.811242881518265,676.0,7.555555555555555,0.5294110640147682,0.13235276600369206,0.5387286987414283,0.045538220464119976,21009523.80952381,0.0,0.0,0.0,0.0,0.0,0.0,0.0,0.0,1.0,0.0,0.0,18718872.0,-1281128.0
Donyell Malen,Aston Villa,F,0,2,28.57142857,40,1,20.0,58,15,73,77.65957447,3,30.0,7,21,1,0,0,10,0,5,6,0,2,0,0,13,2,36,0,0,0.34406701,4.0704,2,0,14.81481481,0,4,5,0.0,18,38.29787234,0,0,1,2135737,21,0,7.0,0,5,680.0,1,0,0,0,0,0,0.0,0,0,0,0,65,1,0,6.647619048,0,4,0,0,0,0,0,0,170.0,0.0,0,22,5,12,9,8.0,40.0,0,4,3,75.0,7,1,20,7,21,36.84210526,5,74,20,94,27,1,206,6,0,0,donyell malen,Donyell Malen,26.0,€20.00m,Aston Villa,Netherlands,20000000.0,16.811242881518265,676.0,7.555555555555555,0.5294110640147682,0.13235276600369206,0.5387286987414283,0.045538220464119976,21009523.80952381,0.0,0.0,0.0,0.0,0.0,0.0,0.0,0.0,1.0,0.0,0.0,18718872.0,-1281128.0
Leon Bailey,Aston Villa,M,5,5,29.41176471,55,2,50.0,66,23,89,76.06837607,4,50.0,4,11,1,0,0,25,1,0,3,0,2,0,0,7,4,39,0,0,1.42727726,0.3028,5,0,0.0,0,0,1,0.0,16,31.37254902,0,0,0,2609374,28,1,10.0,0,2,364.0,1,0,0,0,0,0,0.0,0,0,0,0,82,3,0,6.609090909,0,0,0,0,0,0,0,0,0.0,0.0,0,4,2,2,1,5.0,20.83333333,0,7,4,57.14285714,10,10,24,17,20,33.89830508,4,89,28,117,6,0,213,4,1,0,leon bailey,Leon Bailey,27.0,€25.00m,Aston Villa,Jamaica,25000000.0,17.034386422832473,729.0,4.044444444444444,0.0,0.2472521359150486,0.07486794675507671,0.35289735107797815,21009523.80952381,0.0,0.0,0.0,0.0,0.0,0.0,0.0,0.0,1.0,0.0,0.0,18607452.0,-6392548.0
Ian Maatsen,Aston Villa,D,11,11,22.0,200,25,69.44444444,304,263,567,85.90909091,16,59.25925926,11,27,1,0,0,75,4,1,5,2,54,0,0,22,22,95,0,1,2.26113329,1.2366,15,0,0.0,0,0,1,0.0,72,46.15384615,0,0,0,2163589,93,15,23.0,0,15,1437.0,1,0,0,0,0,0,0.0,0,0,0,0,250,3,0,6.6,0,0,0,0,0,0,0,0,0.0,0.0,0,12,6,8,5,18.0,41.86046512,0,36,28,77.77777778,23,32,43,50,88,48.08743169,36,364,296,660,18,0,1144,18,2,0,ian maatsen,Ian Maatsen,23.0,€25.00m,Aston Villa,Netherlands,25000000.0,17.034386422832473,529.0,15.966666666666667,0.0,0.06263044094126873,0.07744880326797289,0.14161577497968164,21009523.80952381,0.0,0.0,0.0,0.0,0.0,0.0,1.0,0.0,0.0,0.0,0.0,22121946.0,-2878054.0
Lamare Bogarde,Aston Villa,M,4,1,50.0,93,6,37.5,201,224,425,89.66244726,9,37.5,15,26,0,0,0,39,0,0,0,1,20,0,0,9,5,51,1,2,0.20190355,0.0,17,0,0.0,0,0,0,0.0,45,55.55555556,0,0,0,2163597,49,4,2.0,0,10,1021.0,0,6,0,0,0,0,0.0,0,0,0,0,81,2,0,6.592,0,0,0,0,0,0,0,0,0.0,0.0,0,0,0,0,0,2.0,28.57142857,0,25,17,68.0,2,9,7,2,54,51.42857143,16,231,243,474,0,0,625,18,5,0,lamare bogarde,Lamare Bogarde,21.0,€1.70m,Aston Villa,Netherlands,1700000.0,14.346139397261565,441.0,11.344444444444445,0.0,0.0,0.0,0.0177975548307548,21009523.80952381,0.0,0.0,0.0,1.0,0.0,0.0,0.0,0.0,0.0,0.0,0.0,3808093.0,2108093.0
Harvey Elliott,Aston Villa,M,0,1,33.33333333,41,1,20.0,59,10,69,84.14634146,1,50.0,1,5,0,0,0,4,0,0,4,0,1,0,0,0,0,2,0,0,0.09142751,0.291,0,0,0.0,0,0,0,0.0,2,66.66666667,0,0,0,2176554,13,0,1.0,0,1,117.0,0,1,0,0,0,0,0.0,0,0,0,0,18,1,0,6.52,0,0,0,0,0,0,0,0,0.0,0.0,0,4,1,1,0,0.0,0.0,0,0,0,0.0,1,4,1,3,3,60.0,5,69,13,82,5,0,103,2,0,0,harvey elliott,Harvey Elliott,22.0,€25.00m,Liverpool FC,England,25000000.0,17.034386422832473,484.0,1.3,0.0,0.0,0.22384443196590792,0.07032831285913185,49166666.666666664,0.0,0.0,0.0,0.0,0.0,0.0,0.0,0.0,0.0,0.0,0.0,22103304.0,-2896696.0
Andrés García,Aston Villa,D,0,0,0.0,5,0,0.0,15,10,25,100.0,0,0.0,0,5,0,0,0,2,0,0,0,0,0,0,0,1,1,3,0,0,0.01416046,0.0,0,0,0.0,0,0,0,0.0,1,25.0,0,0,0,2558248,0,0,0.0,0,0,60.0,0,0,0,0,0,0,0.0,0,0,0,0,8,0,0,6.45,0,0,0,0,0,0,0,0,0.0,0.0,0,0,0,0,0,0.0,0.0,0,1,1,100.0,0,0,1,4,1,25.0,0,15,10,25,0,0,39,0,0,0,andrés garcía,Andrés García,22.0,€2.20m,Aston Villa,Spain,2200000.0,14.603968372873895,484.0,0.6666666666666666,0.0,0.0,0.0,0.021240371394429084,21009523.80952381,0.0,0.0,0.0,0.0,0.0,0.0,0.0,0.0,0.0,1.0,0.0,7439655.5,5239655.5
Marcos Senesi,Bournemouth,D,137,8,32.0,302,164,37.52860412,707,932,1639,77.4208786,88,48.61878453,93,34,5,0,0,141,7,2,4,9,237,0,0,13,26,163,0,2,4.59761469,1.5218,31,0,0.0,75,0,5,0.0,98,58.33333333,0,0,1,2134415,478,53,24.0,0,34,3020.0,1,42,0,0,0,0,0.0,0,0,0,1,556,2,0,7.214705882,0,0,0,0,0,0,0,0,0.0,0.0,0,10,7,8,5,6.0,75.0,0,59,32,54.23728814,24,316,8,25,186,53.29512894,437,1067,1050,2117,17,4,2743,34,8,0,marcos senesi,Marcos Senesi,28.0,€18.00m,AFC Bournemouth,Argentina,18000000.0,16.705882371415992,784.0,33.55555555555556,0.0,0.1490065781106224,0.045351642113749036,0.13701496648560602,13978125.0,0.0,1.0,0.0,0.0,0.0,0.0,0.0,0.0,0.0,0.0,0.0,15498079.0,-2501921.0
Alex Scott,Bournemouth,M,46,14,17.07317073,254,49,41.17647059,570,539,1109,84.72116119,34,53.96825397,29,35,1,0,0,176,4,2,14,6,74,0,0,25,22,138,0,1,2.92852875,3.8057,40,0,6.818181818,0,3,4,0.0,140,56.2248996,0,0,1,2134459,200,36,27.0,2,32,2680.0,1,14,0,1,0,1,0.0,0,0,0,0,364,13,0,7.064705882,0,1,0,0,0,0,0,0,893.3333333,0.0,2,16,28,17,13,28.0,54.90196078,0,56,36,64.28571429,26,104,51,82,174,55.76923077,119,728,581,1309,44,3,1891,57,4,0,alex scott,Alex Scott,21.0,€15.00m,AFC Bournemouth,England,15000000.0,16.52356082573315,441.0,29.77777777777778,0.10074623482402562,0.03358207827467521,0.1278033152899314,0.09834608171213674,13978125.0,1.0,0.0,0.0,0.0,0.0,0.0,0.0,0.0,0.0,0.0,0.0,14977082.0,-22918.0
James Hill,Bournemouth,D,18,2,18.18181818,71,45,29.60526316,219,453,672,76.62485747,102,66.23376623,52,26,3,0,0,69,2,1,1,5,149,0,0,4,11,77,0,2,1.13292688,0.7951,11,0,0.0,4,0,3,0.0,49,66.21621622,0,0,1,2134425,205,35,11.0,0,19,1850.0,2,14,2,0,0,0,0.0,0,0,0,0,292,1,0,7.0,0,0,0,0,0,0,0,0,0.0,0.0,0,8,3,8,2,2.0,100.0,0,37,20,54.05405405,11,74,2,11,151,66.22807018,152,379,498,877,11,2,1295,12,3,0,james hill,James Hill,23.0,€150k,AFC Bournemouth,England,150000.0,11.918397239722838,529.0,20.555555555555557,0.0,0.14594587494525002,0.038680521722989435,0.055115334916864094,13978125.0,0.0,1.0,0.0,0.0,0.0,0.0,0.0,0.0,0.0,0.0,0.0,376464.28,226464.28125
Lewis Cook,Bournemouth,M,13,10,22.72727273,85,25,46.2962963,244,179,423,86.32653061,9,36.0,16,16,1,0,0,62,0,0,1,1,26,0,1,3,6,34,0,0,0.53525895,0.077,8,0,0.0,0,0,1,0.0,33,64.70588235,0,0,0,2261019,67,24,11.0,0,8,892.0,0,6,0,0,0,0,0.0,0,0,0,0,118,5,0,6.88,1,0,0,0,0,0,0,0,0.0,0.0,0,0,3,2,0,3.0,75.0,0,25,16,64.0,11,28,4,44,42,55.26315789,54,300,190,490,3,0,674,5,1,0,lewis cook,Lewis Cook,28.0,€10.00m,AFC Bournemouth,England,10000000.0,16.118095750958314,784.0,9.911111111111111,0.0,0.10089675918488424,0.007769050457236085,0.05400589337970399,13978125.0,1.0,0.0,0.0,0.0,0.0,0.0,0.0,0.0,0.0,0.0,0.0,8644352.0,-1355648.0
Tyler Adams,Bournemouth,M,12,2,66.66666667,162,27,46.55172414,396,370,766,86.84807256,23,52.27272727,21,22,2,0,0,81,1,0,2,4,36,0,0,9,17,81,0,1,0.57458055,0.5822,29,0,22.22222222,0,2,4,0.0,56,48.27586207,0,0,0,2134463,116,29,6.0,0,19,1551.0,1,7,0,0,0,0,0.0,0,0,0,0,155,6,0,6.828571429,0,2,0,0,0,0,0,0,775.5,0.0,0,4,5,1,6,5.0,45.45454545,0,42,19,45.23809524,6,23,11,3,79,49.375,58,473,409,882,9,0,1137,12,7,0,tyler adams,Tyler Adams,26.0,€12.00m,AFC Bournemouth,United States,12000000.0,16.300417291085605,676.0,17.233333333333334,0.11605409126455052,0.11605409126455052,0.03378334596711066,0.033341211794267814,13978125.0,0.0,0.0,0.0,1.0,0.0,0.0,0.0,0.0,0.0,0.0,0.0,12707490.0,707490.0
Eli Junior Kroupi,Bournemouth,F,11,1,10.0,98,13,65.0,176,112,288,74.41860465,8,27.5862069,21,30,0,0,0,56,3,3,15,0,31,0,0,17,8,89,0,1,1.28027418,7.901,23,0,27.90697674,0,12,12,0.0,34,33.33333333,1,0,0,2134449,99,8,21.0,2,18,1462.0,4,0,0,0,2,0,100.0,0,2,0,0,186,19,0,6.817241379,0,9,0,0,0,0,0,0,121.8333333,0.0,0,30,13,8,20,14.0,41.17647059,0,9,6,66.66666667,21,19,34,10,42,32.0610687,20,252,135,387,43,1,636,11,5,0,eli junior kroupi,Eli Junior Kroupi,19.0,€10.00m,AFC Bournemouth,France,10000000.0,16.118095750958314,361.0,16.244444444444444,0.7387136355388018,0.0,0.4863813695326727,0.07881299949952152,13978125.0,0.0,0.0,1.0,0.0,0.0,0.0,0.0,0.0,0.0,0.0,0.0,9932780.0,-67220.0
Ryan Christie,Bournemouth,M,25,3,18.75,136,23,40.35087719,255,149,404,77.84200385,13,48.14814815,14,25,0,0,0,60,2,1,10,0,17,0,0,15,14,78,0,1,0.80028077,1.9194,16,0,8.0,0,2,2,0.0,64,50.0,0,0,0,2163506,115,11,10.0,1,8,945.0,1,4,0,0,0,1,0.0,0,0,0,0,186,11,0,6.76,0,1,0,0,0,0,0,0,472.5,0.0,0,9,16,7,8,19.0,48.71794872,0,26,16,61.53846154,10,51,39,16,77,49.67741935,57,344,175,519,25,0,746,20,3,0,ryan christie,Ryan Christie,30.0,€5.00m,AFC Bournemouth,Scotland,5000000.0,15.424948670398354,900.0,10.5,0.19047600907046755,0.0,0.18279982590492772,0.07621714360272037,13978125.0,0.0,0.0,0.0,1.0,0.0,0.0,0.0,0.0,0.0,0.0,0.0,6106221.0,1106221.0
Adrien Truffert,Bournemouth,D,30,30,22.05882353,330,35,30.97345133,637,557,1194,83.26359833,44,44.89795918,54,35,3,0,0,173,4,0,5,10,138,0,0,24,28,181,1,2,2.6047277,0.9877,37,0,7.142857143,0,1,4,0.0,148,53.81818182,0,0,0,2134435,240,47,25.0,1,35,3110.0,0,10,0,0,0,0,0.0,0,0,0,0,477,6,0,6.731428571,0,0,0,0,0,0,0,0,3110.0,0.0,0,6,8,5,4,28.0,42.42424242,0,90,48,53.33333333,25,70,66,136,192,51.47453083,113,798,636,1434,14,1,2408,30,4,0,adrien truffert,Adrien Truffert,23.0,€10.00m,AFC Bournemouth,France,10000000.0,16.118095750958314,529.0,34.55555555555556,0.028938898377810756,0.08681669513343226,0.02858294992776368,0.07537795021216874,13978125.0,0.0,0.0,0.0,0.0,0.0,0.0,1.0,0.0,0.0,0.0,0.0,10548331.0,548331.0
Marcus Tavernier,Bournemouth,M,17,16,16.0,374,27,38.57142857,600,233,833,83.13373253,23,37.70491803,38,31,4,0,0,139,6,8,18,4,35,0,0,39,16,168,0,0,3.88722472,8.601,29,1,9.375,0,6,10,0.0,105,44.68085106,0,0,4,2134413,169,15,44.0,5,28,2480.0,4,5,0,1,2,0,100.0,0,2,0,0,423,21,0,6.729032258,0,1,0,0,0,0,0,0,413.3333333,16.66666667,6,29,35,25,21,36.0,42.85714286,0,36,20,55.55555556,43,40,84,100,128,43.24324324,70,736,266,1002,64,0,1601,33,5,0,marcus tavernier,Marcus Tavernier,26.0,€12.00m,AFC Bournemouth,England,12000000.0,16.300417291085605,676.0,27.555555555555557,0.21774185646464886,0.14516123764309924,0.3121329512420742,0.14106858783801246,13978125.0,0.0,0.0,0.0,0.0,0.0,1.0,0.0,0.0,0.0,0.0,0.0,15016326.0,3016326.0
David Brooks,Bournemouth,M,14,11,18.6440678,163,12,46.15384615,257,83,340,77.27272727,6,33.33333333,12,29,3,0,0,55,8,9,17,0,15,0,0,9,19,73,0,0,3.29284613,5.1851,11,0,2.173913043,0,1,4,0.0,46,42.99065421,0,0,1,2134437,100,4,25.0,1,13,1196.0,2,0,0,0,0,0,0.0,0,0,0,0,214,7,0,6.668965517,0,0,0,0,0,0,0,0,1196.0,0.0,2,34,12,17,12,16.0,42.10526316,0,17,11,64.70588235,25,28,38,59,52,41.6,26,336,104,440,46,0,715,13,7,0,david brooks,David Brooks,27.0,€5.00m,AFC Bournemouth,Wales,5000000.0,15.424948670398354,729.0,13.28888888888889,0.07525077949356059,0.22575233848068174,0.39018281675206096,0.2477892380348543,13978125.0,0.0,0.0,0.0,0.0,0.0,0.0,0.0,0.0,1.0,0.0,0.0,6859787.0,1859787.0
Evanilson,Bournemouth,F,7,0,0.0,126,4,50.0,214,111,325,75.40603248,44,34.375,84,33,1,0,0,73,3,9,11,2,27,0,0,38,8,166,0,1,1.43058255,9.7478,24,0,9.230769231,0,6,7,0.0,56,40.57971014,2,0,2,2134421,106,6,30.0,2,29,2554.0,28,4,0,0,0,0,0.0,0,0,0,2,230,15,0,6.593939394,0,2,0,0,0,0,0,0,425.6666667,0.0,0,60,5,32,22,14.0,48.27586207,0,10,4,40.0,30,13,29,4,100,37.59398496,8,298,133,431,65,0,772,32,2,0,evanilson,Evanilson,25.0,€30.00m,AFC Bournemouth,Brazil,30000000.0,17.216707972959764,625.0,28.377777777777776,0.21143297169550723,0.03523882861591787,0.34350105358224425,0.05041205330037277,13978125.0,0.0,0.0,1.0,0.0,0.0,0.0,0.0,0.0,0.0,0.0,0.0,18007498.0,-11992502.0
Justin Kluivert,Bournemouth,M,8,8,19.04761905,133,12,75.0,193,78,271,81.62650602,6,21.42857143,22,18,0,0,0,44,3,1,5,0,2,0,0,15,9,74,0,0,1.52075206,2.2492,15,0,12.5,0,2,2,0.0,30,36.58536585,0,0,1,2163514,61,4,21.0,0,10,920.0,2,1,0,0,0,0,0.0,0,0,0,0,148,10,0,6.577777778,0,2,0,0,0,0,0,0,460.0,0.0,3,5,11,7,4,11.0,44.0,0,10,6,60.0,21,14,25,42,36,32.72727273,16,239,93,332,16,0,510,9,4,0,justin kluivert,Justin Kluivert,26.0,€28.00m,AFC Bournemouth,Netherlands,28000000.0,17.147715103853763,676.0,10.222222222222221,0.19565198251436494,0.0,0.22003021953565483,0.14876907772590223,13978125.0,0.0,0.0,0.0,0.0,0.0,0.0,0.0,0.0,0.0,0.0,0.0,16995908.0,-11004092.0
Enes Ünal,Bournemouth,F,0,0,0.0,11,0,0.0,18,11,29,65.90909091,7,20.0,28,20,0,0,0,5,0,2,4,0,10,0,0,7,0,44,0,0,0.06224973,1.894,6,0,7.692307692,0,1,1,0.0,7,30.43478261,0,0,0,2395076,15,0,0.0,1,0,223.0,2,0,0,0,0,0,0.0,0,0,0,0,37,1,0,6.45625,0,0,0,0,0,0,0,0,223.0,0.0,4,9,4,7,2,1.0,25.0,0,1,1,100.0,0,0,4,2,14,24.13793103,0,33,11,44,13,0,107,6,1,0,enes ünal,Enes Ünal,28.0,€5.00m,AFC Bournemouth,Türkiye,5000000.0,15.424948670398354,784.0,2.477777777777778,0.4035858151245129,0.0,0.7643915338458275,0.025123108023330846,13978125.0,0.0,0.0,1.0,0.0,0.0,0.0,0.0,0.0,0.0,0.0,0.0,5504875.5,504875.5
Julio Soler,Bournemouth,D,0,0,0.0,4,0,0.0,15,5,20,86.95652174,0,0.0,0,3,0,0,0,4,0,0,0,0,0,0,0,0,1,3,0,0,0.00502714,0.0,2,0,0.0,0,0,0,0.0,3,50.0,0,0,0,2261017,3,0,0.0,0,0,34.0,0,0,0,0,0,0,0.0,0,0,0,0,6,0,0,6.3,0,0,0,0,0,0,0,0,0.0,0.0,0,0,0,0,0,0.0,0.0,0,1,0,0.0,0,0,0,2,3,50.0,2,16,7,23,0,0,31,2,0,0,julio soler,Julio Soler,20.0,€3.50m,AFC Bournemouth,Argentina,3500000.0,15.068273812173887,400.0,0.37777777777777777,0.0,0.0,0.0,0.013306783055742642,13978125.0,0.0,0.0,0.0,0.0,0.0,0.0,1.0,0.0,0.0,0.0,0.0,3279405.0,-220595.0
Mikkel Damsgaard,Brentford,M,42,25,27.77777778,288,32,39.50617284,463,203,666,77.35191638,17,38.63636364,27,30,4,0,0,122,12,3,5,3,14,0,0,31,40,144,0,1,4.77640038,2.5888,19,0,14.28571429,0,4,8,0.0,85,42.07920792,1,0,1,2163585,195,22,38.0,0,22,1902.0,3,3,0,0,0,0,0.0,0,0,0,0,382,23,0,7.01,0,3,0,0,0,0,0,0,475.5,0.0,1,17,11,12,11,15.0,34.09090909,0,50,30,60.0,38,83,44,90,102,41.46341463,81,624,237,861,28,2,1291,21,0,0,mikkel damsgaard,Mikkel Damsgaard,25.0,€24.00m,Brentford FC,Denmark,24000000.0,16.993564429978885,625.0,21.133333333333333,0.1892743583875276,0.1892743583875276,0.12249836474840785,0.22601252933161073,16000000.0,0.0,0.0,0.0,0.0,0.0,0.0,0.0,0.0,0.0,0.0,0.0,25111428.0,1111428.0
Mathias Jensen,Brentford,M,88,37,31.62393162,274,88,56.77419355,499,323,822,81.6285998,7,25.92592593,20,33,1,0,0,101,11,2,9,4,30,0,0,20,27,99,0,2,5.74924033,2.2193,18,0,11.11111111,0,3,4,0.0,68,46.2585034,0,0,1,2143700,185,18,31.0,0,23,2041.0,2,4,0,2,0,0,0.0,0,0,0,0,354,7,0,7.003030303,0,3,0,0,0,0,0,0,680.3333333,0.0,2,9,18,10,8,18.0,56.25,0,38,23,60.52631579,29,143,32,117,75,43.10344828,155,643,364,1007,27,0,1443,12,3,0,mathias jensen,Mathias Jensen,29.0,€9.00m,Brentford FC,Denmark,9000000.0,16.012735246411598,841.0,22.677777777777777,0.13228803573775985,0.044096011912586615,0.09786227923760348,0.2535185700800034,16000000.0,1.0,0.0,0.0,0.0,0.0,0.0,0.0,0.0,0.0,0.0,0.0,12287872.0,3287872.0
Vitaly Janelt,Brentford,M,37,16,30.18867925,145,40,49.38271605,304,317,621,86.4902507,23,65.71428571,12,22,4,0,0,74,6,1,3,4,30,0,0,5,16,56,1,0,1.87983045,0.9081,17,0,8.333333333,0,1,5,0.0,38,46.34146341,1,0,1,2292049,97,29,19.0,0,13,1267.0,0,8,0,0,0,0,0.0,0,0,0,0,160,5,0,6.986363636,0,0,0,0,0,0,0,0,1267.0,0.0,0,6,6,6,3,4.0,40.0,0,24,15,62.5,19,65,10,53,61,52.13675214,81,374,344,718,12,2,964,12,7,0,vitaly janelt,Vitaly Janelt,27.0,€15.00m,Brentford FC,Germany,15000000.0,16.52356082573315,729.0,14.077777777777778,0.0710338879790851,0.2841355519163404,0.06450587367380718,0.13353166560497315,16000000.0,0.0,0.0,0.0,1.0,0.0,0.0,0.0,0.0,0.0,0.0,0.0,16276209.0,1276209.0
Igor Thiago,Brentford,F,26,7,46.66666667,135,12,57.14285714,239,164,403,69.36316695,104,38.37638376,167,35,1,0,1,89,5,19,16,9,58,0,0,40,14,295,0,2,1.81774239,20.22,64,0,27.84810127,0,22,23,0.0,85,39.90610329,2,0,2,2143738,178,11,22.0,6,34,3014.0,22,5,0,0,9,0,88.88888889,0,8,0,0,355,15,0,6.974285714,0,14,0,0,0,0,0,0,137.0,0.0,0,75,4,22,41,29.0,59.18367347,0,34,20,58.82352941,22,37,49,15,189,39.04958678,21,379,202,581,79,6,1117,24,7,0,igor thiago,Igor Thiago,24.0,€12.00m,Brentford FC,Brazil,12000000.0,16.300417291085605,576.0,33.48888888888889,0.6569341104045456,0.0298606413820248,0.6037821687445415,0.054278953632694665,16000000.0,0.0,0.0,1.0,0.0,0.0,0.0,0.0,0.0,0.0,0.0,0.0,10961982.0,-1038018.0
Michael Kayode,Brentford,D,23,14,26.41509434,177,34,43.58974359,380,527,907,85.16431925,40,60.60606061,26,34,1,0,0,153,4,1,4,8,95,0,0,30,18,140,1,2,2.72146603,1.1757,23,0,11.11111111,0,1,2,0.0,156,57.77777778,1,0,0,2143694,158,37,33.0,0,34,2994.0,1,12,1,1,0,2,0.0,0,0,0,0,482,5,0,6.897058824,0,0,0,0,0,0,0,0,2994.0,0.0,0,8,1,2,3,48.0,51.06382979,0,61,41,67.21311475,32,39,94,53,196,58.33333333,78,478,587,1065,9,0,2035,47,7,0,michael kayode,Michael Kayode,20.0,€12.00m,Brentford FC,Italy,12000000.0,16.300417291085605,400.0,33.266666666666666,0.03006011120437539,0.03006011120437539,0.035341672742984144,0.08180757150073001,16000000.0,0.0,0.0,0.0,0.0,0.0,0.0,0.0,0.0,0.0,1.0,0.0,19599818.0,7599818.0
Dango Ouattara,Brentford,M,12,18,17.82178218,118,16,44.44444444,201,81,282,62.80623608,46,47.91666667,50,29,3,0,0,82,11,12,14,1,47,0,0,27,17,173,0,0,3.94025209,6.2739,26,0,10.41666667,0,5,8,0.0,79,39.10891089,0,0,1,2163576,167,23,25.0,5,23,2077.0,8,0,0,0,0,0,0.0,0,0,0,5,405,9,0,6.831034483,0,0,0,0,0,0,0,0,415.4,0.0,0,37,11,17,17,21.0,28.0,0,23,12,52.17391304,25,28,75,101,125,41.94630872,36,335,114,449,48,2,984,35,5,0,dango ouattara,Dango Ouattara,23.0,€25.00m,AFC Bournemouth,Burkina Faso,25000000.0,17.034386422832473,529.0,23.07777777777778,0.21665854839061455,0.12999512903436874,0.27185881334957535,0.17073785962249702,13978125.0,0.0,0.0,0.0,0.0,0.0,1.0,0.0,0.0,0.0,0.0,0.0,12994729.0,-12005271.0
Sepp van den Berg,Brentford,D,20,0,0.0,94,53,51.96078431,319,905,1224,88.43930636,135,67.83919598,64,30,1,0,0,106,4,4,3,8,185,0,0,4,6,87,2,2,0.96942579,2.9434,14,0,0.0,29,0,1,0.0,31,57.40740741,0,0,0,2143698,160,29,6.0,0,29,2663.0,0,22,0,0,0,0,0.0,0,0,0,0,179,1,0,6.823333333,0,0,0,0,0,0,0,0,0.0,0.0,0,21,1,12,7,1.0,100.0,0,19,8,42.10526316,6,38,1,0,166,65.61264822,102,427,957,1384,22,0,1754,11,2,0,sepp van den berg,Sepp van den Berg,23.0,€18.00m,Brentford FC,Netherlands,18000000.0,16.705882371415992,529.0,29.58888888888889,0.0,0.033796458724441286,0.09947649660952049,0.032763158698143884,16000000.0,0.0,1.0,0.0,0.0,0.0,0.0,0.0,0.0,0.0,0.0,0.0,13416998.0,-4583002.0
Kevin Schade,Brentford,M,9,5,23.80952381,140,6,37.5,237,102,339,68.34677419,81,51.59235669,76,32,3,0,1,90,7,13,10,5,28,0,1,44,9,217,0,0,2.07518016,11.0558,43,0,13.7254902,0,7,10,0.0,99,41.25,2,0,4,2143742,157,18,29.0,1,30,2550.0,9,3,0,1,1,0,0.0,0,0,0,2,357,10,0,6.79375,1,4,0,0,0,0,0,0,364.2857143,0.0,0,50,1,19,22,20.0,29.41176471,0,38,23,60.52631579,28,22,68,21,180,45.34005038,16,362,134,496,51,1,1012,42,6,0,kevin schade,Kevin Schade,23.0,€25.00m,Brentford FC,Germany,25000000.0,17.034386422832473,529.0,28.333333333333332,0.24705873633221073,0.10588231557094745,0.3902045681630936,0.0732416268558964,16000000.0,0.0,0.0,0.0,0.0,0.0,1.0,0.0,0.0,0.0,0.0,0.0,23284462.0,-1715538.0
Nathan Collins,Brentford,D,39,1,100.0,116,86,37.55458515,377,956,1333,83.10473815,79,53.7414966,68,32,2,0,0,123,4,4,3,9,190,0,0,9,8,106,1,2,1.2758542,2.1754,19,0,5.263157895,58,1,3,0.0,47,55.29411765,1,0,1,2143732,271,34,10.0,0,29,2702.0,2,36,1,0,0,1,0.0,0,0,0,1,305,1,0,6.75625,0,0,0,0,0,0,0,0,2702.0,0.0,0,18,1,10,6,3.0,50.0,0,27,12,44.44444444,10,94,6,1,126,54.31034483,229,574,1030,1604,19,1,2043,17,6,0,nathan collins,Nathan Collins,24.0,€25.00m,Brentford FC,Ireland,25000000.0,17.034386422832473,576.0,30.022222222222222,0.03330864915700065,0.0666172983140013,0.07245963537613921,0.04249697992328574,16000000.0,0.0,1.0,0.0,0.0,0.0,0.0,0.0,0.0,0.0,0.0,0.0,14740694.0,-10259306.0
Ethan Pinnock,Brentford,D,6,0,0.0,9,9,50.0,23,87,110,82.70676692,13,56.52173913,10,4,0,0,0,11,0,0,0,1,27,0,0,1,3,14,0,0,0.06031063,0.0106,0,0,0.0,1,0,0,0.0,7,63.63636364,0,0,0,2263389,23,5,0.0,0,4,321.0,0,5,1,0,0,0,0.0,0,0,0,0,27,0,0,6.725,0,0,0,0,0,0,0,0,0.0,0.0,0,1,0,0,1,1.0,100.0,0,5,4,80.0,0,14,1,0,20,58.82352941,18,40,93,133,1,0,196,2,1,0,ethan pinnock,Ethan Pinnock,32.0,€2.50m,Brentford FC,Jamaica,2500000.0,14.731801689838349,1024.0,3.566666666666667,0.0,0.0,0.002971954284240324,0.016909475020163493,16000000.0,0.0,1.0,0.0,0.0,0.0,0.0,0.0,0.0,0.0,0.0,0.0,2121247.5,-378752.5
Antoni Milambo,Brentford,M,0,0,0.0,3,0,0.0,5,3,8,72.72727273,2,66.66666667,1,1,0,0,0,2,0,0,0,0,0,0,0,0,0,1,0,0,0.0116086,0.0,0,0,0.0,0,0,0,0.0,3,100.0,0,0,0,2143702,3,0,0.0,0,1,45.0,0,0,0,0,0,0,0.0,0,0,0,0,4,0,0,6.7,0,0,0,0,0,0,0,0,0.0,0.0,0,0,0,0,0,0.0,0.0,0,3,1,33.33333333,0,0,0,0,5,83.33333333,0,7,4,11,0,0,19,0,0,0,antoni milambo,Antoni Milambo,20.0,€12.00m,Brentford FC,Netherlands,12000000.0,16.300417291085605,400.0,0.5,0.0,0.0,0.0,0.023216735665286696,16000000.0,0.0,0.0,0.0,0.0,0.0,0.0,0.0,0.0,0.0,0.0,0.0,10172325.0,-1827675.0
Keane Lewis-Potter,Brentford,D,17,21,34.42622951,129,17,26.15384615,207,158,365,76.84210526,11,28.94736842,27,33,3,0,0,80,6,2,10,5,32,0,0,15,9,93,1,0,2.29637744,2.912,15,0,10.71428571,0,3,6,0.0,65,49.61832061,1,0,2,2143704,110,9,18.0,1,19,1721.0,3,1,0,0,0,0,0.0,0,0,0,0,233,6,0,6.66969697,0,1,0,0,0,0,0,0,573.6666667,0.0,6,18,10,9,9,15.0,35.71428571,0,19,11,57.89473684,18,39,42,61,76,44.9704142,65,287,188,475,28,1,849,31,1,0,keane lewis-potter,Keane Lewis-Potter,24.0,€20.00m,Brentford FC,England,20000000.0,16.811242881518265,576.0,19.122222222222224,0.15688544962411116,0.15688544962411116,0.15228347643513723,0.12008940239368847,16000000.0,0.0,0.0,0.0,0.0,0.0,0.0,1.0,0.0,0.0,0.0,0.0,17486754.0,-2513246.0
Frank Onyeka,Brentford,M,2,0,0.0,10,1,50.0,19,9,28,77.77777778,1,50.0,1,6,1,0,0,5,1,0,0,0,3,0,0,0,2,8,0,0,0.36951338,0.0,3,0,0.0,0,0,1,0.0,7,50.0,0,0,0,2143730,8,0,1.0,0,0,88.0,0,0,0,0,0,0,0.0,0,0,0,0,13,0,0,6.64,0,0,0,0,0,0,0,0,0.0,0.0,0,0,0,0,0,2.0,50.0,0,2,0,0.0,1,3,4,0,8,50.0,2,25,11,36,0,0,55,3,0,0,frank onyeka,Frank Onyeka,27.0,€2.50m,Brentford FC,Nigeria,2500000.0,14.731801689838349,729.0,0.9777777777777777,0.0,1.0227168131235023,0.0,0.37790754640009366,16000000.0,1.0,0.0,0.0,0.0,0.0,0.0,0.0,0.0,0.0,0.0,0.0,3911668.5,1411668.5
Kristoffer Ajer,Brentford,D,12,1,14.28571429,54,23,29.11392405,146,350,496,78.98089172,55,57.89473684,40,25,1,0,0,51,1,1,2,4,102,0,0,5,7,81,0,0,0.71226843,0.7805,22,0,0.0,0,0,1,0.0,42,50.60240964,0,0,0,2163600,132,15,4.0,0,18,1648.0,0,14,0,0,0,1,0.0,0,0,0,0,170,2,0,6.636,0,0,0,0,0,0,0,0,0.0,0.0,0,8,2,5,3,2.0,20.0,0,35,20,57.14285714,4,40,10,7,97,54.49438202,79,249,379,628,10,0,921,5,3,0,kristoffer ajer,Kristoffer Ajer,27.0,€12.00m,Brentford FC,Norway,12000000.0,16.300417291085605,729.0,18.31111111111111,0.0,0.0546116206611295,0.04262436992601157,0.03889813330805827,16000000.0,0.0,1.0,0.0,0.0,0.0,0.0,0.0,0.0,0.0,0.0,0.0,10816514.0,-1183486.0
Reiss Nelson,Brentford,M,2,0,0.0,29,2,66.66666667,50,16,66,92.95774648,0,0.0,0,9,1,0,0,16,0,2,0,0,2,0,0,4,2,13,0,0,0.11217079,0.7111,0,0,0.0,0,0,1,0.0,11,45.83333333,0,0,1,2427338,5,0,2.0,0,0,140.0,0,1,0,0,0,0,0.0,0,0,0,0,23,2,0,6.588888889,0,0,0,0,0,0,0,0,0.0,0.0,0,2,3,4,1,5.0,41.66666667,0,4,3,75.0,2,3,12,2,11,45.83333333,3,55,16,71,5,0,112,2,0,0,reiss nelson,Reiss Nelson,25.0,€10.00m,Arsenal FC,England,10000000.0,16.118095750958314,625.0,1.5555555555555556,0.0,0.6428530102306484,0.4571327755750141,0.07210933001144992,51833333.333333336,0.0,0.0,0.0,0.0,0.0,0.0,0.0,0.0,1.0,0.0,0.0,24754148.0,14754148.0
Aaron Hickey,Brentford,D,7,0,0.0,35,10,45.45454545,96,128,224,83.58208955,9,50.0,9,19,0,0,0,33,0,1,1,0,20,0,0,5,6,32,0,0,0.13462922,0.4147,6,0,0.0,0,0,0,0.0,21,47.72727273,0,0,0,2143748,44,7,0.0,0,7,625.0,0,4,0,0,0,0,0.0,0,0,0,0,78,0,0,6.577777778,0,0,0,0,0,0,0,0,0.0,0.0,0,3,2,3,1,0.0,0.0,0,13,7,53.84615385,0,15,7,4,30,48.38709677,22,122,146,268,5,0,418,8,1,0,aaron hickey,Aaron Hickey,23.0,€5.00m,Brentford FC,Scotland,5000000.0,15.424948670398354,529.0,6.944444444444445,0.0,0.0,0.05971671400793183,0.01938657976332514,16000000.0,0.0,0.0,0.0,0.0,0.0,0.0,0.0,0.0,0.0,1.0,0.0,6937445.0,1937445.0
Rico Henry,Brentford,D,16,3,12.0,75,23,38.98305085,171,199,370,76.92307692,19,47.5,21,25,1,0,0,72,1,0,1,3,41,0,0,9,8,68,1,3,0.54618954,0.1792,15,0,0.0,0,0,1,0.0,47,50.0,0,0,0,2143722,111,8,4.0,0,14,1334.0,2,5,0,0,0,1,0.0,0,0,0,0,218,3,0,6.433333333,0,0,0,0,0,0,0,0,0.0,0.0,0,1,4,4,0,15.0,50.0,0,15,11,73.33333333,4,41,30,25,66,49.25373134,59,239,242,481,5,0,817,17,2,0,rico henry,Rico Henry,27.0,€10.00m,Brentford FC,England,10000000.0,16.118095750958314,729.0,14.822222222222223,0.0,0.06746622134962578,0.012089946865852939,0.03684934440449028,16000000.0,0.0,0.0,0.0,0.0,0.0,0.0,1.0,0.0,0.0,0.0,0.0,10196626.0,196626.0
Jan Paul van Hecke,Brighton &amp; Hove Albion,D,112,10,47.61904762,300,118,46.82539683,755,1217,1972,87.02559576,104,59.09090909,72,33,3,0,0,106,2,2,7,8,175,0,0,4,20,122,3,0,1.49070299,2.3545,27,0,13.63636364,11,3,6,0.0,90,64.28571429,1,0,1,2137114,294,38,12.0,0,33,2941.0,4,28,1,0,0,1,0.0,0,0,0,0,328,3,0,7.281818182,0,2,0,0,0,0,0,0,980.3333333,0.0,0,17,5,5,10,3.0,60.0,0,51,28,54.90196078,12,209,5,21,194,61.39240506,252,982,1284,2266,22,5,2739,40,9,0,jan paul van hecke,Jan Paul van Hecke,25.0,€28.00m,Brighton & Hove Albion,Netherlands,28000000.0,17.147715103853763,625.0,32.67777777777778,0.09180548023633722,0.09180548023633722,0.07205200107215198,0.045618234628897934,15365217.391304348,0.0,1.0,0.0,0.0,0.0,0.0,0.0,0.0,0.0,0.0,0.0,26420356.0,-1579644.0
Olivier Boscagli,Brighton &amp; Hove Albion,D,35,5,33.33333333,91,32,41.02564103,247,405,652,86.47214854,17,56.66666667,13,12,1,0,0,54,0,0,0,3,42,0,0,1,5,26,0,0,0.46156584,0.0382,7,0,0.0,29,0,1,0.0,29,69.04761905,0,0,0,2469519,102,18,4.0,0,9,819.0,0,2,0,0,0,0,0.0,0,0,0,0,121,2,0,6.966666667,0,0,0,0,0,0,0,0,0.0,0.0,0,1,0,1,0,2.0,100.0,0,16,9,56.25,4,65,2,15,46,63.88888889,78,316,438,754,1,0,902,11,2,0,olivier boscagli,Olivier Boscagli,27.0,€15.00m,Brighton & Hove Albion,France,15000000.0,16.52356082573315,729.0,9.1,0.0,0.10988998913188008,0.004197797584837819,0.050721465141247105,15365217.391304348,0.0,1.0,0.0,0.0,0.0,0.0,0.0,0.0,0.0,0.0,0.0,10001389.0,-4998611.0
Lewis Dunk,Brighton &amp; Hove Albion,D,53,1,20.0,164,75,48.38709677,544,1498,2042,92.14801444,68,59.13043478,47,30,0,0,0,121,1,0,5,6,132,0,0,4,19,83,1,2,0.5215836,1.1728,14,0,0.0,137,0,0,0.0,45,55.55555556,0,0,0,2137100,174,29,6.0,0,28,2574.0,1,26,0,0,0,1,0.0,0,0,0,1,198,2,0,6.916666667,0,0,0,0,0,0,0,0,0.0,0.0,2,16,3,12,2,4.0,100.0,0,33,21,63.63636364,6,97,4,5,113,57.65306122,155,652,1564,2216,19,1,2552,8,10,0,lewis dunk,Lewis Dunk,33.0,€1.50m,Brighton & Hove Albion,England,1500000.0,14.220976332738882,1089.0,28.6,0.0,0.0,0.041006978668888576,0.018237182434551597,15365217.391304348,0.0,1.0,0.0,0.0,0.0,0.0,0.0,0.0,0.0,0.0,0.0,1935016.5,435016.5
Yankuba Minteh,Brighton &amp; Hove Albion,M,16,31,22.62773723,185,12,42.85714286,288,94,382,67.01754386,19,39.58333333,29,31,4,0,0,90,10,4,15,1,14,0,0,30,19,157,0,1,4.60731203,3.5785,29,0,5.0,0,2,6,0.0,133,50.95785441,0,0,0,2137151,188,15,42.0,1,24,2174.0,10,0,0,2,0,0,0.0,0,0,0,1,470,18,0,6.829032258,0,1,0,0,0,0,0,0,1087.0,0.0,0,33,7,15,10,60.0,54.05405405,0,51,33,64.70588235,40,39,111,137,152,49.19093851,28,445,125,570,40,0,1183,22,3,0,yankuba minteh,Yankuba Minteh,20.0,€25.00m,Brighton & Hove Albion,The Gambia,25000000.0,17.034386422832473,400.0,24.155555555555555,0.08279665385603106,0.16559330771206213,0.1481439129119036,0.1907350096773189,15365217.391304348,0.0,0.0,0.0,0.0,0.0,0.0,0.0,0.0,1.0,0.0,0.0,23852374.0,-1147626.0
Ferdi Kadıoğlu,Brighton &amp; Hove Albion,D,24,22,21.56862745,356,41,46.59090909,603,456,1059,85.54119548,28,48.27586207,30,34,0,0,0,121,0,3,6,9,76,0,0,17,37,110,0,0,2.61480204,1.9659,19,0,3.846153846,0,1,1,0.0,101,55.80110497,0,0,2,2137110,179,24,19.0,0,31,2864.0,6,7,0,1,0,0,0.0,0,0,0,0,364,10,0,6.823529412,0,1,0,0,0,0,0,0,2864.0,0.0,0,12,14,8,12,12.0,54.54545455,0,55,38,69.09090909,18,51,22,102,129,53.9748954,88,723,515,1238,26,2,1884,35,6,0,ferdi kadıoğlu,Ferdi Kadıoğlu,25.0,€20.00m,Brighton & Hove Albion,Türkiye,20000000.0,16.811242881518265,625.0,31.822222222222223,0.03142457113054678,0.0,0.06177756438554192,0.08216903269827883,15365217.391304348,0.0,0.0,0.0,0.0,0.0,0.0,1.0,0.0,0.0,0.0,0.0,17746484.0,-2253516.0
Joël Veltman,Brighton &amp; Hove Albion,D,9,2,11.76470588,80,12,30.76923077,154,158,312,80.20565553,19,65.51724138,10,22,0,0,0,39,0,0,1,1,41,0,0,2,7,31,0,0,0.1491724,0.952,9,0,33.33333333,0,1,1,0.0,53,71.62162162,0,0,0,2196322,77,18,4.0,1,8,976.0,2,6,0,0,0,0,0.0,0,0,0,0,138,4,0,6.815,0,0,0,0,0,0,0,0,976.0,0.0,0,3,0,1,1,2.0,40.0,0,29,17,58.62068966,4,23,5,17,72,69.90291262,39,208,181,389,3,0,682,22,5,0,joël veltman,Joël Veltman,33.0,€500k,Brighton & Hove Albion,Netherlands,500000.0,13.122365377402328,1089.0,10.844444444444445,0.09221302972159144,0.0,0.08778680429495506,0.013755638954841129,15365217.391304348,0.0,0.0,0.0,0.0,0.0,0.0,0.0,0.0,0.0,1.0,0.0,646882.1,146882.125
Kaoru Mitoma,Brighton &amp; Hove Albion,M,15,8,19.04761905,223,12,63.15789474,343,116,459,82.55395683,15,41.66666667,21,24,1,0,0,61,4,8,6,1,17,0,0,23,16,118,0,2,2.8061081,3.7819,30,0,10.34482759,0,3,4,0.0,62,38.99371069,1,0,2,2137155,97,9,31.0,1,18,1663.0,4,1,0,1,0,0,0.0,0,0,0,0,235,10,0,6.808333333,0,1,0,0,0,0,0,0,554.3333333,0.0,0,23,6,10,13,26.0,44.82758621,0,17,11,64.70588235,30,24,58,42,77,39.48717949,19,415,141,556,29,0,887,19,4,0,kaoru mitoma,Kaoru Mitoma,28.0,€35.00m,Brighton & Hove Albion,Japan,35000000.0,17.370858648025116,784.0,18.477777777777778,0.16235709794264092,0.05411903264754697,0.20467276956975788,0.151863855876446,15365217.391304348,0.0,0.0,0.0,0.0,0.0,1.0,0.0,0.0,0.0,0.0,0.0,24115776.0,-10884224.0
Diego Gómez,Brighton &amp; Hove Albion,M,17,6,30.0,156,17,43.58974359,319,241,560,78.2122905,52,58.42696629,37,30,1,0,0,104,4,6,9,0,27,0,0,26,29,158,0,2,1.68692749,5.3698,48,0,13.88888889,0,5,6,0.0,104,46.22222222,0,0,1,2137118,156,16,21.0,1,25,2052.0,1,3,0,0,0,1,0.0,0,0,0,0,282,18,0,6.776666667,0,4,0,0,0,0,0,0,410.4,0.0,2,22,14,13,14,18.0,47.36842105,0,77,49,63.63636364,21,36,38,20,156,49.68152866,39,439,277,716,36,1,1142,10,9,0,diego gómez,Diego Gómez,22.0,€9.00m,Brighton & Hove Albion,Paraguay,9000000.0,16.012735246411598,484.0,22.8,0.21929814943063622,0.043859629886127245,0.23551744056252605,0.07398801535613361,15365217.391304348,1.0,0.0,0.0,0.0,0.0,0.0,0.0,0.0,0.0,0.0,0.0,15655603.0,6655603.0
Maxim De Cuyper,Brighton &amp; Hove Albion,D,18,23,36.50793651,112,11,32.35294118,219,254,473,83.42151675,8,32.0,17,27,1,0,0,59,7,1,3,0,24,0,0,4,14,58,0,1,2.30863619,1.7056,16,0,18.18181818,0,2,3,0.0,44,51.76470588,1,0,1,2137133,94,10,22.0,0,14,1220.0,1,2,0,1,0,1,0.0,0,0,0,0,170,9,0,6.75,0,1,0,0,0,0,0,0,610.0,0.0,3,5,6,2,6,5.0,38.46153846,0,21,12,57.14285714,21,43,13,63,52,47.27272727,34,287,280,567,11,1,832,18,2,0,maxim de cuyper,Maxim De Cuyper,24.0,€10.00m,Brighton & Hove Albion,Belgium,10000000.0,16.118095750958314,576.0,13.555555555555555,0.14754087476492847,0.07377043738246424,0.125822857999531,0.1703091014932858,15365217.391304348,0.0,0.0,0.0,0.0,0.0,0.0,1.0,0.0,0.0,0.0,0.0,15885106.0,5885106.0
Mats Wieffer,Brighton &amp; Hove Albion,D,23,3,20.0,181,40,54.05405405,364,342,706,83.6492891,41,47.6744186,45,25,3,0,0,101,4,2,5,5,71,0,0,22,35,142,0,1,1.85481122,1.9257,29,0,11.11111111,0,2,5,0.0,94,49.21465969,0,0,1,2137135,138,25,20.0,1,22,1824.0,2,6,0,0,0,0,0.0,0,0,0,0,235,10,0,6.74,0,1,0,0,0,0,0,0,912.0,0.0,0,12,6,7,6,9.0,45.0,0,64,40,62.5,20,43,20,15,135,48.73646209,74,456,388,844,18,2,1380,22,8,0,mats wieffer,Mats Wieffer,25.0,€20.00m,Brighton & Hove Albion,Netherlands,20000000.0,16.811242881518265,625.0,20.266666666666666,0.09868416183347278,0.14802624275020917,0.09501804522135927,0.09152024530251054,15365217.391304348,0.0,0.0,0.0,1.0,0.0,0.0,0.0,0.0,0.0,0.0,0.0,16869146.0,-3130854.0
Matt O'Riley,Brighton &amp; Hove Albion,M,1,4,57.14285714,18,1,33.33333333,30,31,61,87.14285714,2,28.57142857,5,6,0,0,0,2,0,1,0,0,2,0,0,1,3,12,0,0,0.17190449,1.2045,2,0,25.0,0,1,1,0.0,6,46.15384615,0,0,0,2137157,9,0,4.0,1,2,203.0,1,1,0,0,1,0,100.0,0,1,0,0,22,1,0,6.725,0,0,0,0,0,0,0,0,203.0,0.0,0,3,1,2,2,0.0,0.0,0,5,2,40.0,4,2,1,7,8,40.0,3,35,35,70,4,0,108,1,0,0,matt o'riley,Matt O'Riley,24.0,€18.00m,Brighton & Hove Albion,Denmark,18000000.0,16.705882371415992,576.0,2.2555555555555555,0.44334778811325465,0.0,0.5340124107824152,0.0762134754082371,15365217.391304348,1.0,0.0,0.0,0.0,0.0,0.0,0.0,0.0,0.0,0.0,0.0,16708461.0,-1291539.0
Danny Welbeck,Brighton &amp; Hove Albion,F,8,0,0.0,135,5,55.55555556,211,142,353,79.3258427,17,32.0754717,36,34,1,0,1,47,4,10,9,1,28,0,0,19,12,104,1,1,1.37503793,11.9763,24,1,25.0,0,13,14,0.0,39,36.44859813,2,0,1,2137159,92,9,20.0,3,23,2068.0,4,0,0,0,3,0,33.33333333,0,1,0,0,176,13,0,6.702941176,0,8,0,0,0,0,0,0,159.0769231,33.33333333,3,41,11,18,25,10.0,40.0,0,21,12,57.14285714,20,11,25,2,56,35.0,9,291,154,445,52,1,713,8,5,0,danny welbeck,Danny Welbeck,34.0,€900k,Brighton & Hove Albion,England,900000.0,13.710151153416941,1156.0,22.977777777777778,0.5657637769886851,0.04352029053759116,0.521212055565353,0.05984205021380793,15365217.391304348,0.0,0.0,1.0,0.0,0.0,0.0,0.0,0.0,0.0,0.0,0.0,949749.06,49749.0625
Solly March,Brighton &amp; Hove Albion,M,0,0,0.0,0,0,0.0,0,0,0,0.0,0,0.0,0,1,0,0,0,0,0,0,0,0,0,0,0,0,0,0,0,0,0.0,0.0,0,0,0.0,0,0,0,0.0,1,100.0,0,0,0,2704366,0,0,0.0,0,0,11.0,0,0,0,0,0,0,0.0,0,0,0,0,0,0,0,6.7,0,0,0,0,0,0,0,0,0.0,0.0,0,0,0,0,0,0.0,0.0,0,0,0,0.0,0,0,0,0,1,100.0,0,0,0,0,0,0,2,1,0,0,solly march,Solly March,30.0,€1.50m,Brighton & Hove Albion,England,1500000.0,14.220976332738882,900.0,0.12222222222222222,0.0,0.0,0.0,0.0,15365217.391304348,0.0,0.0,0.0,0.0,0.0,0.0,0.0,0.0,1.0,0.0,0.0,1586201.8,86201.75
Diego Coppola,Brighton &amp; Hove Albion,D,3,0,0.0,10,2,25.0,37,64,101,88.59649123,10,55.55555556,8,5,0,0,0,6,0,0,0,1,13,0,0,0,2,14,0,0,0.01608239,0.0,4,0,0.0,0,0,0,0.0,3,33.33333333,0,0,0,2196324,13,1,0.0,0,2,201.0,0,2,0,0,0,0,0.0,0,0,0,0,15,0,0,6.7,0,0,0,0,0,0,0,0,0.0,0.0,0,0,0,0,0,1.0,100.0,0,2,2,100.0,0,7,1,0,13,48.14814815,8,42,72,114,0,0,142,0,2,0,diego coppola,Diego Coppola,21.0,€6.00m,Brighton & Hove Albion,Italy,6000000.0,15.607270193858982,441.0,2.2333333333333334,0.0,0.0,0.0,0.00720103790580042,15365217.391304348,0.0,1.0,0.0,0.0,0.0,0.0,0.0,0.0,0.0,0.0,0.0,7343877.5,1343877.5
Georginio Rutter,Brighton &amp; Hove Albion,M,17,3,15.0,146,16,59.25925926,208,84,292,69.68973747,19,38.7755102,30,29,3,0,0,58,8,2,13,2,26,0,0,57,15,162,0,0,2.59915776,2.599,29,0,7.692307692,0,3,6,0.0,90,40.54054054,0,0,0,2137153,127,10,24.0,2,20,1749.0,10,1,1,0,0,0,0.0,0,0,0,1,337,18,0,6.675862069,0,1,0,0,0,0,0,0,583.0,0.0,0,24,15,13,13,26.0,44.82758621,0,31,19,61.29032258,24,38,58,20,109,40.22140221,27,307,112,419,39,0,884,33,2,0,georginio rutter,Georginio Rutter,23.0,€28.00m,Brighton & Hove Albion,France,28000000.0,17.147715103853763,529.0,19.433333333333334,0.15437384852117572,0.15437384852117572,0.13373921076884523,0.13374732877495948,15365217.391304348,0.0,0.0,1.0,0.0,0.0,0.0,0.0,0.0,0.0,0.0,0.0,19603034.0,-8396966.0
Charalampos Kostoulas,Brighton &amp; Hove Albion,F,4,0,0.0,36,1,25.0,56,23,79,74.52830189,16,42.10526316,22,18,1,0,0,22,3,2,3,0,4,0,0,10,3,56,0,0,0.28914626,1.923,7,0,11.76470588,0,2,3,0.0,27,44.26229508,1,0,0,2375712,27,1,7.0,0,2,337.0,3,0,0,0,0,0,0.0,0,0,0,0,77,5,0,6.670588235,0,1,0,0,0,0,0,0,168.5,0.0,0,16,1,7,7,9.0,37.5,0,11,7,63.63636364,7,8,24,5,43,43.43434343,4,74,32,106,17,0,231,7,2,0,charalampos kostoulas,Charalampos Kostoulas,18.0,€7.00m,Brighton & Hove Albion,Greece,7000000.0,15.76142084987672,324.0,3.7444444444444445,0.5341232026383312,0.2670616013191656,0.5135594593367555,0.0772198632110478,15365217.391304348,0.0,0.0,1.0,0.0,0.0,0.0,0.0,0.0,0.0,0.0,0.0,9679969.0,2679969.0
Brajan Gruda,Brighton &amp; Hove Albion,M,9,3,21.42857143,90,7,53.84615385,154,40,194,78.22580645,8,72.72727273,3,18,1,0,0,40,1,2,4,0,2,0,0,17,5,69,1,0,0.88002119,1.7211,11,0,6.25,0,1,2,0.0,48,42.10526316,0,0,0,2137149,54,2,16.0,0,8,740.0,2,0,0,0,0,0,0.0,0,0,0,0,148,3,0,6.633333333,0,1,0,0,0,0,0,0,740.0,0.0,1,8,8,6,6,20.0,37.73584906,0,14,5,35.71428571,16,23,53,14,56,44.8,13,198,50,248,16,0,442,14,2,0,brajan gruda,Brajan Gruda,21.0,€22.00m,Brighton & Hove Albion,Germany,22000000.0,16.906553056777135,441.0,8.222222222222221,0.12162147370361308,0.12162147370361308,0.2093227183912885,0.1070294740182073,15365217.391304348,0.0,0.0,0.0,0.0,0.0,0.0,0.0,0.0,1.0,0.0,0.0,20097324.0,-1902676.0
Brajan Gruda,Brighton &amp; Hove Albion,M,9,3,21.42857143,90,7,53.84615385,154,40,194,78.22580645,8,72.72727273,3,18,1,0,0,40,1,2,4,0,2,0,0,17,5,69,1,0,0.88002119,1.7211,11,0,6.25,0,1,2,0.0,48,42.10526316,0,0,0,2137149,54,2,16.0,0,8,740.0,2,0,0,0,0,0,0.0,0,0,0,0,148,3,0,6.633333333,0,1,0,0,0,0,0,0,740.0,0.0,1,8,8,6,6,20.0,37.73584906,0,14,5,35.71428571,16,23,53,14,56,44.8,13,198,50,248,16,0,442,14,2,0,brajan gruda,Brajan Gruda,21.0,€20.00m,Brighton & Hove Albion,Germany,20000000.0,16.811242881518265,441.0,8.222222222222221,0.12162147370361308,0.12162147370361308,0.2093227183912885,0.1070294740182073,15365217.391304348,0.0,0.0,0.0,0.0,0.0,0.0,0.0,0.0,1.0,0.0,0.0,20097324.0,97324.0
Jack Hinshelwood,Brighton &amp; Hove Albion,M,18,0,0.0,134,9,37.5,253,217,470,82.89241623,11,33.33333333,22,24,3,0,0,57,2,6,7,1,22,0,0,9,10,78,0,2,1.96149759,4.3713,33,0,9.375,0,3,6,0.0,29,34.11764706,0,0,2,2168641,97,5,12.0,1,17,1506.0,2,5,1,0,0,0,0.0,0,0,0,0,147,9,0,6.630434783,0,2,0,0,0,0,0,0,502.0,0.0,0,26,6,12,13,3.0,33.33333333,0,17,12,70.58823529,12,35,9,7,40,33.89830508,24,324,243,567,32,0,756,9,0,0,jack hinshelwood,Jack Hinshelwood,20.0,€20.00m,Brighton & Hove Albion,England,20000000.0,16.811242881518265,400.0,16.733333333333334,0.17928276138480395,0.17928276138480395,0.2612329116137978,0.11722090146161267,15365217.391304348,1.0,0.0,0.0,0.0,0.0,0.0,0.0,0.0,0.0,0.0,0.0,17731158.0,-2268842.0
Stefanos Tzimas,Brighton &amp; Hove Albion,F,0,0,0.0,6,0,0.0,10,7,17,70.83333333,0,0.0,2,9,1,0,0,10,0,1,1,0,1,0,0,9,2,18,0,0,0.11832743,0.4624,4,0,25.0,0,1,2,0.0,5,23.80952381,0,0,0,2261025,7,0,6.0,0,1,164.0,1,1,0,0,0,0,0.0,0,0,0,0,23,2,0,6.622222222,0,1,0,0,0,0,0,0,164.0,0.0,0,4,0,2,1,1.0,50.0,0,3,2,66.66666667,6,3,2,1,5,21.73913043,2,17,7,24,4,0,58,1,0,0,stefanos tzimas,Stefanos Tzimas,19.0,€20.00m,Brighton & Hove Albion,Greece,20000000.0,16.811242881518265,361.0,1.8222222222222222,0.548777476221167,0.548777476221167,0.2537547050046676,0.0649354284031368,15365217.391304348,0.0,0.0,1.0,0.0,0.0,0.0,0.0,0.0,0.0,0.0,0.0,14993717.0,-5006283.0
Tom Watson,Brighton &amp; Hove Albion,M,0,0,0.0,6,2,66.66666667,11,3,14,73.68421053,0,0.0,1,6,0,0,0,4,0,0,0,0,0,0,0,0,0,5,0,0,0.03771793,0.0366,3,0,0.0,0,0,0,0.0,1,20.0,0,0,0,2393108,5,0,0.0,0,0,73.0,0,0,0,0,0,0,0.0,0,0,0,0,11,0,0,6.5,0,0,0,0,0,0,0,0,0.0,0.0,0,0,1,0,1,0.0,0.0,0,1,1,100.0,0,0,1,0,1,16.66666667,3,14,5,19,1,0,31,0,1,0,tom watson,Tom Watson,19.0,€3.00m,Brighton & Hove Albion,England,3000000.0,14.914123179965662,361.0,0.8111111111111111,0.0,0.0,0.04512273136358593,0.04650098423444094,15365217.391304348,0.0,0.0,0.0,0.0,0.0,1.0,0.0,0.0,0.0,0.0,0.0,4254328.5,1254328.5
Reece James,Chelsea,D,43,30,24.3902439,295,56,55.44554455,578,554,1132,88.99371069,30,65.2173913,16,27,4,0,0,96,8,0,9,4,39,0,0,13,10,76,1,3,3.13504645,1.0148,27,1,9.523809524,0,2,6,0.0,77,56.20437956,0,0,2,2143788,140,32,27.0,0,20,1896.0,1,6,0,0,0,0,0.0,0,0,0,0,285,7,0,7.2,0,2,0,0,0,0,0,0,948.0,14.28571429,7,4,17,6,6,10.0,50.0,0,47,32,68.08510638,27,88,20,123,107,58.46994536,101,672,600,1272,21,3,1777,20,4,0,reece james,Reece James,25.0,€25.00m,Chelsea FC,England,25000000.0,17.034386422832473,625.0,21.066666666666666,0.09493666379588744,0.1898733275917749,0.048170863210033284,0.14881542540407022,30741379.310344826,0.0,0.0,0.0,0.0,0.0,0.0,0.0,0.0,0.0,1.0,0.0,33227982.0,8227982.0
Moisés Caicedo,Chelsea,M,63,2,28.57142857,365,57,64.77272727,902,824,1726,92.00426439,13,32.5,27,30,1,0,0,164,3,1,12,5,26,0,1,18,24,124,1,3,2.10791949,1.3926,46,0,11.53846154,0,3,4,0.0,141,59.24369748,0,0,0,2143782,150,56,14.0,0,29,2537.0,0,14,0,1,0,1,0.0,0,0,0,0,212,8,0,7.153333333,1,3,0,0,0,0,0,0,845.6666667,0.0,0,6,20,7,7,12.0,54.54545455,0,83,44,53.01204819,13,105,22,7,154,55.39568345,88,1008,868,1876,26,1,2281,46,10,0,moisés caicedo,Moisés Caicedo,23.0,€80.00m,Chelsea FC,Ecuador,80000000.0,18.197537205138154,529.0,28.18888888888889,0.10642487355838147,0.03547495785279382,0.04940242630580068,0.07477835506483266,30741379.310344826,0.0,0.0,0.0,1.0,0.0,0.0,0.0,0.0,0.0,0.0,0.0,47182730.0,-32817272.0
Enzo Fernández,Chelsea,M,76,16,19.27710843,534,89,62.23776224,989,646,1635,86.50793651,23,47.91666667,25,33,3,0,0,127,10,8,20,5,27,0,0,38,32,156,0,0,6.6878122,10.9352,30,0,11.76470588,0,8,11,0.0,102,43.77682403,1,0,4,2143776,255,20,65.0,0,32,2851.0,1,1,0,1,2,0,100.0,0,2,0,0,452,12,0,7.121212121,0,7,0,0,0,0,0,0,356.375,0.0,6,40,28,20,28,11.0,25.58139535,0,51,21,41.17647059,64,140,43,83,125,44.48398577,143,1188,702,1890,68,1,2418,40,8,0,enzo fernández,Enzo Fernández,24.0,€75.00m,Chelsea FC,Argentina,75000000.0,18.132998684833918,576.0,31.677777777777777,0.2525428876574539,0.09470358287154522,0.34520087313897374,0.21111992563734372,30741379.310344826,1.0,0.0,0.0,0.0,0.0,0.0,0.0,0.0,0.0,0.0,0.0,77095740.0,2095744.0
João Pedro,Chelsea,F,13,1,5.555555556,189,11,52.38095238,331,171,502,76.40791476,69,48.93617021,72,33,5,0,0,68,6,11,20,3,27,0,0,51,4,192,0,0,1.9726952,14.187,35,0,22.05882353,0,15,20,0.0,108,47.36842105,3,0,0,2143778,155,5,29.0,5,29,2494.0,16,5,0,0,0,0,0.0,0,0,0,3,361,16,0,7.115151515,0,7,0,0,0,0,0,0,166.2666667,0.0,0,59,9,20,28,33.0,48.52941176,0,25,16,64.0,29,27,68,18,177,47.96747967,21,451,206,657,68,3,1169,51,4,0,joão pedro,João Pedro,23.0,€45.00m,Chelsea FC,Brazil,45000000.0,17.622173069956816,529.0,27.711111111111112,0.5412989225464995,0.1804329741821665,0.5119605209444792,0.07118785241817675,30741379.310344826,0.0,0.0,1.0,0.0,0.0,0.0,0.0,0.0,0.0,0.0,0.0,45090740.0,90740.0
Cole Palmer,Chelsea,M,17,5,14.70588235,271,34,68.0,410,202,612,85.11821975,0,0.0,3,23,1,0,1,77,3,5,20,2,12,0,0,32,9,95,0,1,2.32539893,10.1373,13,0,15.51724138,0,9,10,0.0,71,43.55828221,0,0,0,2143794,107,15,24.0,9,21,1696.0,2,0,0,1,6,0,83.33333333,0,5,0,0,255,20,0,7.013043478,0,0,0,0,0,0,0,0,188.4444444,0.0,5,33,25,16,22,22.0,36.06557377,0,21,11,52.38095238,23,30,61,34,71,42.77108434,50,495,224,719,58,2,1072,28,4,0,cole palmer,Cole Palmer,23.0,€120.00m,Chelsea FC,England,120000000.0,18.603002309079653,529.0,18.844444444444445,0.4775940861823835,0.05306600957582039,0.537946058872964,0.12339964188698249,30741379.310344826,0.0,0.0,0.0,0.0,0.0,0.0,0.0,0.0,0.0,0.0,0.0,80685230.0,-39314768.0
Pedro Neto,Chelsea,M,29,36,20.0,384,29,65.90909091,581,196,777,87.01007839,8,25.0,24,32,4,0,0,80,11,3,21,5,13,0,0,24,23,140,0,0,6.699153,4.5259,15,1,11.36363636,0,5,9,0.0,83,41.70854271,1,0,2,2143764,116,6,50.0,3,28,2489.0,6,0,0,1,0,0,0.0,0,0,0,0,407,13,0,6.941935484,1,1,0,0,0,0,0,0,497.8,100.0,1,29,15,11,12,44.0,44.89795918,0,16,10,62.5,49,46,98,180,91,39.39393939,44,673,220,893,44,2,1446,23,2,1,pedro neto,Pedro Neto,25.0,€45.00m,Chelsea FC,Portugal,45000000.0,17.622173069956816,625.0,27.655555555555555,0.18079543482688173,0.1446363478615054,0.16365241169659683,0.24223525592136186,30741379.310344826,0.0,0.0,0.0,0.0,0.0,0.0,0.0,0.0,1.0,0.0,0.0,40777756.0,-4222244.0
Trevoh Chalobah,Chelsea,D,31,1,20.0,183,49,39.83739837,618,1484,2102,93.05002213,73,54.88721805,60,32,0,0,0,118,1,2,3,9,173,0,1,5,9,95,1,1,1.04938141,1.4319,20,0,18.75,27,3,3,0.0,59,62.76595745,2,0,0,2143802,157,35,5.0,1,31,2741.0,2,16,0,0,0,0,0.0,0,0,0,0,184,5,0,6.940625,1,0,0,0,0,0,0,0,913.6666667,0.0,0,11,5,8,5,7.0,77.77777778,0,35,23,65.71428571,5,70,9,5,132,58.14977974,123,714,1545,2259,16,3,2654,18,3,0,trevoh chalobah,Trevoh Chalobah,26.0,€22.00m,Chelsea FC,England,22000000.0,16.906553056777135,676.0,30.455555555555556,0.09850416320549184,0.0,0.04701603709798125,0.034456145891816385,30741379.310344826,0.0,1.0,0.0,0.0,0.0,0.0,0.0,0.0,0.0,0.0,0.0,23347034.0,1347034.0
Trevoh Chalobah,Chelsea,D,31,1,20.0,183,49,39.83739837,618,1484,2102,93.05002213,73,54.88721805,60,32,0,0,0,118,1,2,3,9,173,0,1,5,9,95,1,1,1.04938141,1.4319,20,0,18.75,27,3,3,0.0,59,62.76595745,2,0,0,2143802,157,35,5.0,1,31,2741.0,2,16,0,0,0,0,0.0,0,0,0,0,184,5,0,6.940625,1,0,0,0,0,0,0,0,913.6666667,0.0,0,11,5,8,5,7.0,77.77777778,0,35,23,65.71428571,5,70,9,5,132,58.14977974,123,714,1545,2259,16,3,2654,18,3,0,trevoh chalobah,Trevoh Chalobah,26.0,€20.00m,Chelsea FC,England,20000000.0,16.811242881518265,676.0,30.455555555555556,0.09850416320549184,0.0,0.04701603709798125,0.034456145891816385,30741379.310344826,0.0,1.0,0.0,0.0,0.0,0.0,0.0,0.0,0.0,0.0,0.0,23347034.0,3347034.0
Wesley Fofana,Chelsea,D,10,1,50.0,116,25,48.07692308,371,652,1023,92.07920792,66,66.66666667,33,22,1,0,0,69,1,0,3,3,118,0,0,5,4,66,0,1,0.60938374,0.7214,20,0,0.0,2,0,1,0.0,42,56.0,0,0,1,2161659,88,31,3.0,0,17,1493.0,1,19,0,0,0,0,0.0,0,0,0,0,111,2,0,6.927272727,1,0,0,0,0,0,0,0,0.0,0.0,0,8,0,4,1,10.0,71.42857143,0,19,10,52.63157895,3,21,14,2,108,62.06896552,52,423,688,1111,8,2,1399,14,5,1,wesley fofana,Wesley Fofana,24.0,€22.00m,Chelsea FC,France,22000000.0,16.906553056777135,576.0,16.58888888888889,0.0,0.06028127645468934,0.043486912834412896,0.03673442969793253,30741379.310344826,0.0,1.0,0.0,0.0,0.0,0.0,0.0,0.0,0.0,0.0,0.0,23016396.0,1016396.0
Wesley Fofana,Chelsea,D,10,1,50.0,116,25,48.07692308,371,652,1023,92.07920792,66,66.66666667,33,22,1,0,0,69,1,0,3,3,118,0,0,5,4,66,0,1,0.60938374,0.7214,20,0,0.0,2,0,1,0.0,42,56.0,0,0,1,2161659,88,31,3.0,0,17,1493.0,1,19,0,0,0,0,0.0,0,0,0,0,111,2,0,6.927272727,1,0,0,0,0,0,0,0,0.0,0.0,0,8,0,4,1,10.0,71.42857143,0,19,10,52.63157895,3,21,14,2,108,62.06896552,52,423,688,1111,8,2,1399,14,5,1,wesley fofana,Wesley Fofana,24.0,€20.00m,Chelsea FC,France,20000000.0,16.811242881518265,576.0,16.58888888888889,0.0,0.06028127645468934,0.043486912834412896,0.03673442969793253,30741379.310344826,0.0,1.0,0.0,0.0,0.0,0.0,0.0,0.0,0.0,0.0,0.0,23016396.0,3016396.0
Tosin Adarabioyo,Chelsea,D,11,0,0.0,30,20,41.66666667,203,482,685,90.48877147,41,70.68965517,17,16,0,0,0,22,1,0,1,2,66,0,0,1,2,25,1,0,0.40472315,0.1073,6,0,0.0,14,0,0,0.0,17,68.0,0,0,0,2161650,72,9,1.0,0,8,796.0,1,5,0,0,0,0,0.0,0,0,0,0,78,0,0,6.913333333,0,0,0,0,0,0,0,0,0.0,0.0,0,2,0,1,0,0.0,0.0,0,17,8,47.05882353,1,24,0,0,58,69.87951807,48,244,513,757,2,1,874,0,2,0,tosin adarabioyo,Tosin Adarabioyo,27.0,€15.00m,Chelsea FC,England,15000000.0,16.52356082573315,729.0,8.844444444444445,0.0,0.0,0.012131895830771046,0.04576010341194337,30741379.310344826,0.0,1.0,0.0,0.0,0.0,0.0,0.0,0.0,0.0,0.0,0.0,19922792.0,4922792.0
Dário Essugo,Chelsea,M,1,0,0.0,5,0,0.0,12,7,19,82.60869565,1,100.0,0,2,0,0,0,0,0,0,0,0,1,0,0,1,1,4,0,0,0.00875378,0.0,2,0,0.0,0,0,0,0.0,7,63.63636364,0,0,0,2818018,4,0,0.0,0,0,25.0,0,0,0,0,0,0,0.0,0,0,0,0,6,0,0,6.9,0,0,0,0,0,0,0,0,0.0,0.0,0,0,0,0,0,2.0,100.0,0,4,2,50.0,0,1,2,0,8,66.66666667,0,15,8,23,0,0,33,1,1,0,dário essugo,Dário Essugo,20.0,€18.00m,Chelsea FC,Portugal,18000000.0,16.705882371415992,400.0,0.2777777777777778,0.0,0.0,0.0,0.03151247355095216,30741379.310344826,0.0,0.0,0.0,1.0,0.0,0.0,0.0,0.0,0.0,0.0,0.0,17845804.0,-154196.0
Andrey Santos,Chelsea,M,14,0,0.0,125,14,50.0,317,333,650,89.4085282,14,46.66666667,16,25,0,0,0,44,1,3,2,1,18,0,0,2,11,42,0,1,0.86324633,1.7792,12,0,0.0,0,0,0,0.0,53,67.08860759,0,0,1,2143804,77,19,8.0,0,11,1127.0,1,6,0,0,0,0,0.0,0,0,0,0,98,7,0,6.816,0,0,0,0,0,0,0,0,0.0,0.0,0,8,2,7,1,2.0,40.0,0,30,13,43.33333333,8,24,5,2,67,61.46788991,28,357,370,727,10,0,895,21,4,0,andrey santos,Andrey Santos,21.0,€32.00m,Chelsea FC,Brazil,32000000.0,17.281246492014,441.0,12.522222222222222,0.0,0.0,0.1420832938110342,0.06893709641225663,30741379.310344826,1.0,0.0,0.0,0.0,0.0,0.0,0.0,0.0,0.0,0.0,0.0,22472160.0,-9527840.0
Alejandro Garnacho,Chelsea,F,3,8,13.55932203,204,13,100.0,295,116,411,87.44680851,3,18.75,13,23,4,0,0,44,6,7,10,1,6,0,0,11,9,67,0,0,3.67917217,3.4505,9,0,3.03030303,0,1,5,0.0,51,48.57142857,0,0,2,2263386,59,4,29.0,1,14,1274.0,2,0,0,0,0,0,0.0,0,0,0,0,191,9,0,6.791304348,0,0,0,0,0,0,0,0,1274.0,0.0,0,24,9,16,7,14.0,35.8974359,0,14,11,78.57142857,29,5,39,59,54,44.62809917,13,345,125,470,33,1,738,23,2,0,alejandro garnacho,Alejandro Garnacho,21.0,€40.00m,Manchester United,Argentina,40000000.0,17.50439003707821,441.0,14.155555555555555,0.07064359216700711,0.28257436866802843,0.24375571477225802,0.25990993828968256,31656250.0,0.0,0.0,0.0,0.0,0.0,0.0,0.0,0.0,0.0,0.0,0.0,41206604.0,1206604.0
Roméo Lavia,Chelsea,M,7,0,0.0,63,12,85.71428571,142,121,263,92.6056338,3,75.0,1,12,0,0,0,20,1,0,1,0,4,0,0,6,0,16,0,1,0.53661277,0.2049,8,0,0.0,0,0,0,0.0,19,55.88235294,0,0,0,2316709,21,5,1.0,0,4,377.0,0,0,0,0,0,0,0.0,0,0,0,0,39,0,0,6.736363636,0,0,0,0,0,0,0,0,0.0,0.0,0,1,2,2,0,3.0,60.0,0,8,7,87.5,1,10,5,1,22,57.89473684,14,155,129,284,3,0,347,8,0,0,roméo lavia,Roméo Lavia,21.0,€35.00m,Chelsea FC,Belgium,35000000.0,17.370858648025116,441.0,4.188888888888889,0.0,0.0,0.048915002590179495,0.12810353847961636,30741379.310344826,0.0,0.0,0.0,1.0,0.0,0.0,0.0,0.0,0.0,0.0,0.0,24509284.0,-10490716.0
Marc Cucurella,Chelsea,D,24,11,29.72972973,314,42,49.41176471,609,602,1211,88.26530612,35,53.03030303,31,31,4,0,0,105,6,1,6,9,86,0,1,6,19,97,0,1,3.17664631,2.3126,40,0,5.263157895,0,1,5,0.0,74,52.85714286,1,0,0,2143780,161,31,38.0,0,28,2440.0,2,8,0,0,0,0,0.0,0,0,0,0,238,4,0,6.674193548,1,0,0,0,0,0,0,0,2440.0,0.0,0,13,6,8,5,1.0,33.33333333,0,49,36,73.46938776,38,49,3,37,109,52.91262136,85,716,656,1372,19,2,1901,25,6,0,marc cucurella,Marc Cucurella,26.0,€30.00m,Chelsea FC,Spain,30000000.0,17.216707972959764,676.0,27.11111111111111,0.03688523229643071,0.14754092918572284,0.08530078820872566,0.11717133706794945,30741379.310344826,0.0,0.0,0.0,0.0,0.0,0.0,1.0,0.0,0.0,0.0,0.0,31344324.0,1344324.0
Malo Gusto,Chelsea,D,31,12,21.05263158,295,37,50.68493151,532,500,1032,87.16216216,13,41.93548387,18,32,3,0,0,113,3,1,3,3,36,0,0,13,19,78,0,1,2.41139389,1.5564,17,0,16.66666667,0,2,5,0.0,79,56.83453237,1,0,0,2143790,152,28,27.0,1,24,2092.0,1,4,0,1,0,1,0.0,0,0,0,0,291,10,0,6.65625,1,0,0,0,0,0,0,0,1046.0,0.0,0,7,5,3,6,11.0,47.82608696,0,49,23,46.93877551,26,51,23,57,92,54.11764706,73,630,554,1184,12,1,1686,19,3,1,malo gusto,Malo Gusto,22.0,€30.00m,Chelsea FC,France,30000000.0,17.216707972959764,484.0,23.244444444444444,0.0860420279933914,0.1290630419900871,0.0669579061844572,0.10374061029323649,30741379.310344826,0.0,0.0,0.0,0.0,0.0,0.0,0.0,0.0,0.0,1.0,0.0,30131702.0,131702.0
Jamie Gittens,Chelsea,M,6,3,23.07692308,49,3,75.0,87,31,118,79.19463087,3,30.0,7,16,2,0,0,15,2,1,6,1,3,0,0,4,3,27,0,0,0.9303351,0.8183,6,0,0.0,0,0,2,0.0,29,59.18367347,0,0,0,2143760,31,2,9.0,0,5,495.0,2,1,0,0,0,0,0.0,0,0,0,0,68,2,0,6.646666667,0,0,0,0,0,0,0,0,0.0,0.0,0,5,5,2,2,13.0,61.9047619,0,8,3,37.5,9,10,21,13,32,54.23728814,4,112,37,149,10,0,255,8,0,0,jamie gittens,Jamie Gittens,20.0,€50.00m,Chelsea FC,England,50000000.0,17.72753358339242,400.0,5.5,0.0,0.36363570248054095,0.14878154766991333,0.16915152881540216,30741379.310344826,0.0,0.0,0.0,0.0,0.0,1.0,0.0,0.0,0.0,0.0,0.0,29291840.0,-20708160.0
Levi Colwill,Chelsea,D,1,0,0.0,5,1,50.0,18,25,43,89.58333333,2,50.0,2,1,0,0,0,3,0,0,0,0,0,0,0,0,0,2,0,0,0.00997368,0.0,0,0,0.0,0,0,0,0.0,1,100.0,0,0,0,2849038,5,0,0.0,0,0,45.0,0,0,0,0,0,0,0.0,0,0,0,0,5,0,0,6.6,0,0,0,0,0,0,0,0,0.0,0.0,0,0,0,0,0,0.0,0.0,0,1,0,0.0,0,1,0,0,3,60.0,2,23,25,48,0,0,49,0,0,0,levi colwill,Levi Colwill,22.0,€50.00m,Chelsea FC,England,50000000.0,17.72753358339242,484.0,0.5,0.0,0.0,0.0,0.019946961060778787,30741379.310344826,0.0,1.0,0.0,0.0,0.0,0.0,0.0,0.0,0.0,0.0,0.0,30433144.0,-19566856.0
Josh Acheampong,Chelsea,D,1,1,100.0,36,4,26.66666667,136,281,417,92.66666667,10,58.82352941,7,15,0,0,0,23,0,0,1,1,19,0,0,6,4,22,2,3,0.13838912,0.6039,2,0,33.33333333,4,1,1,0.0,25,62.5,1,0,0,2143756,33,10,2.0,0,7,608.0,2,2,0,0,0,0,0.0,0,0,0,0,52,2,0,6.585714286,0,0,0,0,0,0,0,0,608.0,0.0,0,3,0,0,2,10.0,76.92307692,0,10,7,70.0,2,11,13,1,35,61.40350877,15,152,298,450,3,1,553,5,1,0,josh acheampong,Josh Acheampong,19.0,€4.00m,Chelsea FC,England,4000000.0,15.201805169084134,361.0,6.7555555555555555,0.1480260966718964,0.0,0.08939295978015822,0.02048520125545867,30741379.310344826,0.0,0.0,0.0,0.0,0.0,0.0,0.0,0.0,0.0,1.0,0.0,6994677.0,2994677.0
Liam Delap,Chelsea,F,0,0,0.0,55,1,50.0,90,28,118,69.41176471,23,41.81818182,32,26,0,0,0,23,0,4,10,0,11,0,0,20,6,83,0,1,0.21611787,4.4324,22,0,2.857142857,0,1,1,0.0,32,38.55421687,0,0,2,2143806,52,1,3.0,1,11,1032.0,4,0,0,0,0,0,0.0,0,0,0,1,122,4,0,6.492307692,0,0,0,0,0,0,0,0,1032.0,0.0,0,30,5,14,11,10.0,76.92307692,0,4,3,75.0,3,3,13,6,55,39.85507246,2,133,37,170,35,0,347,18,3,0,liam delap,Liam Delap,22.0,€35.00m,Chelsea FC,England,35000000.0,17.370858648025116,484.0,11.466666666666667,0.08720922627102361,0.0,0.38654617452368506,0.01884747222604166,30741379.310344826,0.0,0.0,1.0,0.0,0.0,0.0,0.0,0.0,0.0,0.0,0.0,23554934.0,-11445066.0
Marc Guiu,Chelsea,F,1,0,0.0,10,0,0.0,17,5,22,68.75,5,29.41176471,12,10,1,0,0,4,1,3,2,0,4,0,0,1,2,28,0,0,0.29742885,1.5498,10,0,0.0,0,0,1,0.0,3,15.78947368,0,0,1,2163689,10,0,3.0,0,1,276.0,2,0,0,0,0,0,0.0,0,0,0,0,23,1,0,6.28,0,0,0,0,0,0,0,0,0.0,0.0,0,11,2,9,2,1.0,25.0,0,0,0,0.0,3,1,4,0,8,22.22222222,0,25,7,32,13,0,70,2,1,0,marc guiu,Marc Guiu,19.0,€4.00m,Chelsea FC,Spain,4000000.0,15.201805169084134,361.0,3.066666666666667,0.0,0.3260858931981743,0.5053679172785306,0.09698735221515582,30741379.310344826,0.0,0.0,1.0,0.0,0.0,0.0,0.0,0.0,0.0,0.0,0.0,4751703.0,751703.0
Mamadou Sarr,Chelsea,D,1,0,0.0,1,0,0.0,3,42,45,91.83673469,0,0.0,1,2,0,0,0,2,0,1,0,0,5,0,0,0,0,2,0,0,0.00197374,0.4359,0,0,0.0,9,0,0,0.0,1,50.0,0,0,0,2684485,4,1,0.0,0,1,98.0,0,1,0,0,0,0,0.0,0,0,0,0,5,0,0,6.15,0,0,0,0,0,0,0,0,0.0,0.0,0,1,0,1,0,0.0,0.0,0,1,0,0.0,0,1,1,0,1,33.33333333,3,5,44,49,1,0,59,0,0,0,mamadou sarr,Mamadou Sarr,19.0,€18.00m,Chelsea FC,France,18000000.0,16.705882371415992,361.0,1.0888888888888888,0.0,0.0,0.40031265018994727,0.0018126017210046029,30741379.310344826,0.0,1.0,0.0,0.0,0.0,0.0,0.0,0.0,0.0,0.0,0.0,4763518.0,-13236482.0
James Garner,Everton,M,36,45,24.45652174,434,55,47.00854701,810,600,1410,86.98334362,25,59.52380952,17,35,7,0,0,171,12,0,11,11,82,0,0,14,43,122,0,1,5.1417308,1.9303,34,0,4.761904762,0,2,9,0.0,165,61.11111111,0,0,1,2152611,211,55,49.0,0,35,3144.0,0,9,0,0,0,0,0.0,0,0,0,0,442,13,0,7.231428571,0,2,0,0,0,0,0,0,1572.0,0.0,10,14,28,19,12,17.0,53.125,0,113,66,58.40707965,49,69,32,184,190,60.8974359,117,945,676,1621,42,2,2416,35,10,0,james garner,James Garner,24.0,€12.00m,Everton FC,England,12000000.0,16.300417291085605,576.0,34.93333333333333,0.05725189200804618,0.20038162202816162,0.05525666357156577,0.14718690824802247,14769230.76923077,0.0,0.0,0.0,1.0,0.0,0.0,0.0,0.0,0.0,0.0,0.0,14305004.0,2305004.0
Jack Grealish,Everton,M,18,10,25.64102564,238,18,56.25,347,135,482,84.11867365,4,17.39130435,19,20,6,0,0,87,5,4,12,5,11,0,0,30,10,104,0,2,3.56887946,2.1457,13,0,7.692307692,0,2,8,0.0,102,54.54545455,0,0,1,2152563,91,12,40.0,1,18,1631.0,0,6,0,2,0,0,0.0,0,0,0,0,227,16,0,7.23,1,1,0,0,0,0,0,0,815.5,0.0,0,19,7,6,8,23.0,40.35087719,0,21,15,71.42857143,38,29,57,39,106,50.47619048,32,416,157,573,26,3,932,58,3,1,jack grealish,Jack Grealish,29.0,€25.00m,Manchester City,England,25000000.0,17.034386422832473,841.0,18.122222222222224,0.11036168036449275,0.33108504109347825,0.11840152877904604,0.19693376711196173,48300000.0,0.0,0.0,0.0,0.0,0.0,1.0,0.0,0.0,0.0,0.0,0.0,33699210.0,8699208.0
Kiernan Dewsbury-Hall,Everton,M,10,16,16.0,330,23,37.70491803,532,235,767,82.38453276,18,45.0,22,28,4,0,0,124,9,2,10,5,25,0,0,45,16,126,0,1,4.8199747,3.846,29,0,22.22222222,0,8,12,0.0,114,52.29357798,0,0,1,2152575,164,11,33.0,6,27,2372.0,1,3,0,0,0,1,0.0,0,0,0,0,358,21,0,7.214285714,0,2,0,0,0,0,0,0,296.5,0.0,0,25,11,12,14,24.0,57.14285714,0,49,24,48.97959184,33,27,42,100,132,51.1627907,61,660,271,931,36,3,1425,42,6,0,kiernan dewsbury-hall,Kiernan Dewsbury-Hall,26.0,€15.00m,Chelsea FC,England,15000000.0,16.52356082573315,676.0,26.355555555555554,0.30354120017408087,0.15177060008704044,0.1459274319836894,0.1828826131558382,30741379.310344826,1.0,0.0,0.0,0.0,0.0,0.0,0.0,0.0,0.0,0.0,0.0,26354976.0,11354976.0
James Tarkowski,Everton,D,69,2,28.57142857,138,94,41.04803493,399,770,1169,80.7878369,137,70.25641026,58,34,2,0,0,80,1,4,4,11,224,0,0,1,13,99,1,6,1.49100065,2.429,27,0,6.25,96,1,3,0.0,78,65.54621849,1,0,0,2152561,278,28,17.0,0,34,3060.0,2,48,0,1,0,1,0.0,0,0,0,0,306,3,0,7.158823529,0,0,0,0,0,0,0,0,3060.0,0.0,0,16,0,4,8,4.0,57.14285714,0,43,26,60.46511628,16,168,7,7,215,68.47133758,229,617,830,1447,16,3,1935,34,7,0,james tarkowski,James Tarkowski,32.0,€4.50m,Everton FC,England,4500000.0,15.319588176962746,1024.0,34.0,0.029411756055365862,0.058823512110731724,0.07144115545848367,0.04385294739619194,14769230.76923077,0.0,1.0,0.0,0.0,0.0,0.0,0.0,0.0,0.0,0.0,0.0,4368562.0,-131438.0
Jarrad Branthwaite,Everton,D,19,0,0.0,66,21,53.84615385,147,147,294,83.76068376,30,78.94736842,8,10,0,0,0,29,1,0,1,0,41,0,0,2,3,20,0,2,0.11597741,0.3516,3,0,16.66666667,0,1,1,0.0,14,53.84615385,1,0,0,2611593,57,11,3.0,0,7,689.0,1,2,0,0,0,0,0.0,0,0,0,1,76,0,0,7.01,0,0,0,0,0,0,0,0,689.0,0.0,0,5,1,3,2,0.0,0.0,0,13,5,38.46153846,3,35,4,3,44,68.75,39,186,165,351,6,0,464,1,1,0,jarrad branthwaite,Jarrad Branthwaite,23.0,€45.00m,Everton FC,England,45000000.0,17.622173069956816,529.0,7.655555555555556,0.1306239222619303,0.0,0.04592737106729469,0.015149424187980017,14769230.76923077,0.0,1.0,0.0,0.0,0.0,0.0,0.0,0.0,0.0,0.0,0.0,29851004.0,-15148996.0
Michael Keane,Everton,D,30,0,0.0,71,57,49.56521739,274,573,847,85.90263692,96,62.74509804,57,30,0,0,0,80,0,3,7,7,185,0,1,3,10,88,0,0,0.24771405,2.0377,16,0,13.63636364,3,3,3,0.0,44,58.66666667,1,0,2,2152615,139,34,1.0,0,26,2349.0,0,26,0,0,0,0,0.0,0,0,0,0,162,1,0,6.934482759,1,1,0,0,0,0,0,0,783.0,0.0,0,18,4,9,6,6.0,60.0,0,32,22,68.75,1,58,10,1,140,61.40350877,115,371,615,986,22,2,1379,6,1,0,michael keane,Michael Keane,32.0,€1.00m,Everton FC,England,1000000.0,13.815511557963774,1024.0,26.1,0.11494248469636602,0.0,0.07807276702192835,0.009490956133733281,14769230.76923077,0.0,1.0,0.0,0.0,0.0,0.0,0.0,0.0,0.0,0.0,0.0,1190906.0,190906.0
Iliman Ndiaye,Everton,M,2,7,14.0,290,6,31.57894737,471,256,727,83.94919169,10,24.3902439,31,29,3,0,0,168,6,2,10,5,17,0,0,57,26,198,0,1,4.29350461,6.2274,28,0,15.78947368,0,6,9,0.0,164,49.54682779,0,0,2,2152605,139,15,28.0,2,29,2516.0,12,2,0,0,2,0,100.0,0,2,0,0,375,24,0,6.910344828,0,4,0,0,0,0,0,0,419.3333333,0.0,0,26,12,7,21,62.0,52.54237288,0,66,41,62.12121212,28,6,118,50,174,46.77419355,19,587,279,866,38,0,1445,36,2,0,iliman ndiaye,Iliman Ndiaye,25.0,€18.00m,Everton FC,Senegal,18000000.0,16.705882371415992,625.0,27.955555555555556,0.21462631432286053,0.10731315716143026,0.22276065163569697,0.1535831783287518,14769230.76923077,0.0,0.0,0.0,0.0,0.0,1.0,0.0,0.0,0.0,0.0,0.0,28400158.0,10400158.0
Iliman Ndiaye,Everton,M,2,7,14.0,290,6,31.57894737,471,256,727,83.94919169,10,24.3902439,31,29,3,0,0,168,6,2,10,5,17,0,0,57,26,198,0,1,4.29350461,6.2274,28,0,15.78947368,0,6,9,0.0,164,49.54682779,0,0,2,2152605,139,15,28.0,2,29,2516.0,12,2,0,0,2,0,100.0,0,2,0,0,375,24,0,6.910344828,0,4,0,0,0,0,0,0,419.3333333,0.0,0,26,12,7,21,62.0,52.54237288,0,66,41,62.12121212,28,6,118,50,174,46.77419355,19,587,279,866,38,0,1445,36,2,0,iliman ndiaye,Iliman Ndiaye,25.0,€18.00m,Everton FC,Senegal,18000000.0,16.705882371415992,625.0,27.955555555555556,0.21462631432286053,0.10731315716143026,0.22276065163569697,0.1535831783287518,14769230.76923077,0.0,0.0,0.0,0.0,0.0,1.0,0.0,0.0,0.0,0.0,0.0,28400158.0,10400158.0
Nathan Patterson,Everton,D,6,0,0.0,13,4,30.76923077,28,36,64,76.19047619,7,77.77777778,2,7,0,0,0,14,0,0,0,1,17,0,0,1,4,13,0,0,0.04110705,0.029,2,0,0.0,0,0,0,0.0,13,54.16666667,0,0,0,2551187,20,2,0.0,0,3,266.0,1,2,0,0,0,0,0.0,0,0,0,0,39,1,0,6.883333333,0,0,0,0,0,0,0,0,0.0,0.0,0,1,0,0,1,1.0,20.0,0,10,4,40.0,0,11,5,6,20,60.60606061,13,42,42,84,1,0,148,2,0,0,nathan patterson,Nathan Patterson,23.0,€10.00m,Everton FC,Scotland,10000000.0,16.118095750958314,529.0,2.9555555555555557,0.0,0.0,0.009811996876702297,0.013908353317601556,14769230.76923077,0.0,0.0,0.0,0.0,0.0,0.0,0.0,0.0,0.0,1.0,0.0,9199066.0,-800934.0
Tim Iroegbunam,Everton,M,10,0,0.0,85,8,53.33333333,193,132,325,80.24691358,15,51.72413793,14,26,2,0,0,67,3,0,4,3,6,0,0,23,6,85,1,1,0.64086595,0.5611,23,0,0.0,0,0,2,0.0,90,55.90062112,0,0,0,2152593,80,20,7.0,0,14,1258.0,0,9,0,0,0,0,0.0,0,0,0,1,149,4,0,6.7625,0,0,0,0,0,0,0,0,0.0,0.0,0,5,6,6,1,12.0,37.5,0,59,39,66.10169492,7,19,32,3,105,55.26315789,15,253,152,405,11,0,661,19,8,0,tim iroegbunam,Tim Iroegbunam,22.0,€4.50m,Everton FC,England,4500000.0,15.319588176962746,484.0,13.977777777777778,0.0,0.14308415836586444,0.04014226062954327,0.04584888254054508,14769230.76923077,1.0,0.0,0.0,0.0,0.0,0.0,0.0,0.0,0.0,0.0,0.0,7581406.5,3081406.5
Jake O'Brien,Everton,D,19,13,28.88888889,167,39,31.2,350,398,748,73.91304348,108,67.5,52,34,1,0,0,106,0,0,3,9,138,0,1,21,7,112,0,2,0.95438208,1.1728,19,0,9.090909091,6,1,2,0.0,74,55.2238806,1,0,1,2152609,264,14,15.0,0,32,2891.0,4,16,0,0,0,1,0.0,0,0,0,0,445,5,0,6.752941176,1,0,0,0,0,0,0,0,2891.0,0.0,0,11,0,3,5,6.0,30.0,0,54,30,55.55555556,15,54,20,45,182,61.9047619,125,522,490,1012,11,1,1701,15,4,0,jake o'brien,Jake O'Brien,24.0,€13.00m,Everton FC,Ireland,13000000.0,16.380459992348886,576.0,32.12222222222222,0.031131086814950488,0.031131086814950488,0.03651053861657393,0.029710951387113025,14769230.76923077,0.0,0.0,0.0,0.0,0.0,0.0,0.0,0.0,0.0,1.0,0.0,12394290.0,-605710.0
Vitaliy Mykolenko,Everton,D,47,19,22.35294118,272,46,30.66666667,500,357,857,79.05904059,46,57.5,34,30,1,0,0,102,1,0,3,9,134,0,0,11,28,114,1,0,2.3450652,0.2937,27,0,0.0,0,0,1,0.0,83,50.9202454,0,0,0,2190383,227,29,20.0,0,30,2690.0,0,9,1,1,0,0,0.0,0,0,0,0,447,9,0,6.726666667,0,0,0,0,0,0,0,0,0.0,0.0,0,1,8,4,2,9.0,34.61538462,0,48,27,56.25,19,110,26,85,129,53.08641975,150,657,427,1084,9,0,1850,26,5,0,vitaliy mykolenko,Vitaliy Mykolenko,26.0,€22.00m,Everton FC,Ukraine,22000000.0,16.906553056777135,676.0,29.88888888888889,0.0,0.03345723787676056,0.009826390764404577,0.07845940423291309,14769230.76923077,0.0,0.0,0.0,0.0,0.0,0.0,1.0,0.0,0.0,0.0,0.0,16590550.0,-5409450.0
Beto,Everton,F,1,0,0.0,44,1,100.0,75,46,121,61.11111111,86,45.74468085,102,34,1,0,0,25,1,9,11,0,37,0,0,27,3,186,0,1,0.21678006,8.4102,32,0,20.0,0,8,9,0.0,38,31.14754098,3,0,1,2152597,77,1,12.0,1,15,1452.0,9,4,0,0,0,0,0.0,0,0,0,0,210,7,0,6.609090909,0,4,0,0,0,0,0,0,181.5,0.0,0,39,1,13,16,11.0,29.72972973,0,15,4,26.66666667,12,2,37,2,124,40.0,1,134,64,198,40,2,522,12,3,0,beto,Beto,27.0,€18.00m,Everton FC,Guinea-Bissau,18000000.0,16.705882371415992,729.0,16.133333333333333,0.49586746123917697,0.06198343265489712,0.5212930653142157,0.013436772249934557,14769230.76923077,0.0,0.0,1.0,0.0,0.0,0.0,0.0,0.0,0.0,0.0,0.0,18012754.0,12754.0
Beto,Everton,F,1,0,0.0,44,1,100.0,75,46,121,61.11111111,86,45.74468085,102,34,1,0,0,25,1,9,11,0,37,0,0,27,3,186,0,1,0.21678006,8.4102,32,0,20.0,0,8,9,0.0,38,31.14754098,3,0,1,2152597,77,1,12.0,1,15,1452.0,9,4,0,0,0,0,0.0,0,0,0,0,210,7,0,6.609090909,0,4,0,0,0,0,0,0,181.5,0.0,0,39,1,13,16,11.0,29.72972973,0,15,4,26.66666667,12,2,37,2,124,40.0,1,134,64,198,40,2,522,12,3,0,beto,Beto,27.0,€18.00m,Everton FC,Guinea-Bissau,18000000.0,16.705882371415992,729.0,16.133333333333333,0.49586746123917697,0.06198343265489712,0.5212930653142157,0.013436772249934557,14769230.76923077,0.0,0.0,1.0,0.0,0.0,0.0,0.0,0.0,0.0,0.0,0.0,18012754.0,12754.0
Tyrique George,Everton,F,2,3,42.85714286,32,0,0.0,50,24,74,80.43478261,1,33.33333333,2,12,0,0,0,12,1,1,1,0,0,0,0,8,1,25,0,1,0.70551088,0.5968,8,0,0.0,0,0,0,0.0,11,32.35294118,0,0,0,2189768,18,1,1.0,0,1,315.0,4,0,0,0,0,0,0.0,0,0,0,0,49,4,0,6.518181818,0,0,0,0,0,0,0,0,0.0,0.0,0,6,3,4,4,4.0,40.0,0,6,4,66.66666667,1,4,10,7,12,32.43243243,4,63,29,92,9,0,156,1,2,0,tyrique george,Tyrique George,19.0,€5.00m,Chelsea FC,England,5000000.0,15.424948670398354,361.0,3.5,0.0,0.0,0.17051379853200418,0.20157396121725366,30741379.310344826,0.0,0.0,0.0,0.0,0.0,1.0,0.0,0.0,0.0,0.0,0.0,6019630.0,1019630.0
Carlos Alcaraz,Everton,M,5,2,40.0,77,12,66.66666667,145,96,241,81.41891892,13,44.82758621,16,18,1,0,0,42,2,1,7,0,7,0,0,9,12,54,0,2,0.44887429,1.1118,9,0,0.0,0,0,1,0.0,29,43.28358209,0,0,1,2152589,55,3,9.0,0,6,711.0,1,2,0,0,0,0,0.0,0,0,0,0,105,2,0,6.48125,0,0,0,0,0,0,0,0,0.0,0.0,0,12,6,6,5,6.0,42.85714286,0,13,8,61.53846154,9,10,14,5,42,43.75,18,187,109,296,18,0,432,11,4,0,carlos alcaraz,Carlos Alcaraz,22.0,€8.00m,Everton FC,Argentina,8000000.0,15.894952224644102,484.0,7.9,0.0,0.12658211825048324,0.14073399907088724,0.0568194584563817,14769230.76923077,1.0,0.0,0.0,0.0,0.0,0.0,0.0,0.0,0.0,0.0,0.0,8981515.0,981515.0
Harry Wilson,Fulham,M,40,31,27.92792793,248,37,58.73015873,403,188,591,80.95890411,5,20.0,20,33,6,0,0,78,8,1,26,4,47,0,0,20,24,92,0,1,4.59989093,5.6633,13,1,13.69863014,0,10,16,0.0,79,52.31788079,0,0,1,2137102,139,15,36.0,9,31,2600.0,12,3,0,0,0,0,0.0,0,0,0,0,293,9,0,7.148484848,0,1,0,0,0,0,0,0,260.0,16.66666667,6,42,31,23,24,17.0,53.125,0,28,18,64.28571429,36,64,32,111,84,47.72727273,63,508,222,730,73,6,1192,34,7,0,harry wilson,Harry Wilson,28.0,€10.00m,Fulham FC,Wales,10000000.0,16.118095750958314,784.0,28.88888888888889,0.3461537263314024,0.20769223579884144,0.19603723983326313,0.159226938613752,12375000.0,0.0,0.0,0.0,0.0,0.0,0.0,0.0,0.0,1.0,0.0,0.0,7203118.5,-2796881.5
Joachim Andersen,Fulham,D,107,4,26.66666667,223,164,45.81005587,630,1309,1939,86.06302708,78,71.55963303,31,32,1,0,0,112,3,2,3,8,229,0,0,3,16,82,2,1,1.81653392,1.4316,31,0,0.0,13,0,1,0.0,62,54.86725664,0,0,0,2137106,314,35,7.0,0,32,2832.0,0,19,0,0,0,0,0.0,0,0,0,0,349,1,0,7.05625,0,0,0,0,0,0,0,0,0.0,0.0,0,11,4,8,4,6.0,85.71428571,0,45,27,60.0,7,223,7,15,140,63.06306306,358,861,1392,2253,15,3,2725,13,7,0,joachim andersen,Joachim Andersen,29.0,€22.00m,Fulham FC,Denmark,22000000.0,16.906553056777135,841.0,31.466666666666665,0.0,0.03177965091748382,0.04549574825346984,0.05772881385736848,12375000.0,0.0,1.0,0.0,0.0,0.0,0.0,0.0,0.0,0.0,0.0,0.0,18729800.0,-3270200.0
Alex Iwobi,Fulham,M,54,29,34.11764706,343,67,62.61682243,604,526,1130,85.21870287,7,46.66666667,8,27,3,0,0,116,4,0,13,1,18,0,0,21,9,70,0,1,4.4114727,1.4247,7,0,12.90322581,0,4,7,0.0,50,44.64285714,0,0,0,2137139,196,13,41.0,1,27,2277.0,1,3,0,0,0,0,0.0,0,0,0,0,347,8,0,7.055555556,0,3,0,0,0,0,0,0,569.25,0.0,0,14,17,6,12,15.0,37.5,0,26,18,69.23076923,41,105,40,85,57,44.88188976,107,739,587,1326,31,3,1683,10,3,0,alex iwobi,Alex Iwobi,29.0,€24.00m,Fulham FC,Nigeria,24000000.0,16.993564429978885,841.0,25.3,0.1581027043072315,0.11857702823042363,0.056312230706628184,0.17436644096188103,12375000.0,0.0,0.0,0.0,0.0,0.0,1.0,0.0,0.0,0.0,0.0,0.0,20671192.0,-3328808.0
Kenny Tete,Fulham,D,34,13,38.23529412,145,36,46.75324675,328,420,748,84.42437923,27,60.0,18,22,0,0,0,82,1,0,6,5,68,0,0,16,13,87,0,0,1.42077464,0.9581,27,0,6.25,0,1,1,0.0,104,60.11560694,0,0,0,2137104,138,27,11.0,0,21,1802.0,1,6,0,0,0,0,0.0,0,0,0,0,237,2,0,6.913636364,0,1,0,0,0,0,0,0,1802.0,0.0,0,10,6,7,3,8.0,36.36363636,0,65,38,58.46153846,11,61,22,34,131,60.09174312,77,402,484,886,16,0,1407,31,2,0,kenny tete,Kenny Tete,29.0,€8.00m,Fulham FC,Netherlands,8000000.0,15.894952224644102,841.0,20.022222222222222,0.049944481159804086,0.0,0.04785180739920829,0.07095985223980743,12375000.0,0.0,0.0,0.0,0.0,0.0,0.0,0.0,0.0,0.0,1.0,0.0,8899323.0,899323.0
Jorge Cuenca,Fulham,D,20,1,50.0,44,26,35.13513514,149,402,551,88.30128205,17,54.83870968,14,14,0,0,0,40,1,0,0,2,74,0,0,0,4,30,0,0,0.55975008,0.0501,9,0,0.0,33,0,0,0.0,19,54.28571429,0,0,0,2137143,73,15,3.0,0,11,952.0,1,9,0,0,0,0,0.0,0,0,0,0,81,0,0,6.892307692,0,0,0,0,0,0,0,0,0.0,0.0,0,1,0,1,0,2.0,40.0,0,16,9,56.25,3,42,5,2,36,54.54545455,74,199,425,624,1,0,769,1,5,0,jorge cuenca,Jorge Cuenca,25.0,€1.00m,Fulham FC,Spain,1000000.0,13.815511557963774,625.0,10.577777777777778,0.0,0.0,0.004736340060182717,0.05291749955278404,12375000.0,0.0,1.0,0.0,0.0,0.0,0.0,0.0,0.0,0.0,0.0,0.0,2497117.5,1497117.5
Sander Berge,Fulham,M,24,3,25.0,276,52,63.41463415,690,780,1470,89.90825688,47,61.84210526,29,33,1,0,0,126,3,2,7,4,49,0,0,18,11,102,1,1,1.45760782,1.3724,32,0,0.0,0,0,1,0.0,77,51.33333333,0,0,0,2137167,165,24,18.0,0,32,2776.0,1,16,1,0,0,1,0.0,0,0,0,0,234,7,0,6.863636364,0,0,0,0,0,0,0,0,0.0,0.0,0,7,6,3,3,8.0,40.0,0,55,39,70.90909091,18,39,20,12,124,54.86725664,82,795,840,1635,13,1,1969,14,5,0,sander berge,Sander Berge,27.0,€20.00m,Fulham FC,Norway,20000000.0,16.811242881518265,729.0,30.844444444444445,0.0,0.032420738768492476,0.04449422188587907,0.0472567223591318,12375000.0,0.0,0.0,0.0,1.0,0.0,0.0,0.0,0.0,0.0,0.0,0.0,16702662.0,-3297338.0
Harrison Reed,Fulham,M,5,3,75.0,8,3,75.0,18,22,40,93.02325581,1,33.33333333,2,7,0,0,0,5,0,0,1,0,1,0,0,0,3,7,0,0,0.46475392,0.1259,2,0,50.0,0,1,1,0.0,1,16.66666667,0,0,0,2469495,3,0,3.0,0,1,126.0,0,0,0,0,0,0,0.0,0,0,0,0,6,1,0,6.8,0,1,0,0,0,0,0,0,126.0,0.0,0,0,2,0,1,0.0,0.0,0,0,0,0.0,3,6,0,4,2,22.22222222,4,21,22,43,2,0,54,1,0,0,harrison reed,Harrison Reed,30.0,€1.50m,Fulham FC,England,1500000.0,14.220976332738882,900.0,1.4,0.7142806122813409,0.0,0.08992792908622083,0.3319647145377533,12375000.0,1.0,0.0,0.0,0.0,0.0,0.0,0.0,0.0,0.0,0.0,0.0,1534376.2,34376.25
Antonee Robinson,Fulham,D,21,14,20.89552239,150,28,42.42424242,253,254,507,78.84914463,12,60.0,8,19,0,0,0,78,1,0,2,3,45,0,0,6,16,50,0,1,1.34201846,0.2328,12,0,0.0,0,0,0,0.0,55,56.70103093,0,0,0,2169592,136,21,19.0,0,14,1222.0,2,3,0,0,0,0,0.0,0,0,0,0,261,1,0,6.778947368,0,0,0,0,0,0,0,0,0.0,0.0,0,1,2,1,0,9.0,50.0,0,40,23,57.5,19,44,18,67,67,57.26495726,66,330,313,643,3,1,1057,6,3,0,antonee robinson,Antonee Robinson,27.0,€30.00m,Fulham FC,United States,30000000.0,17.216707972959764,729.0,13.577777777777778,0.0,0.0,0.017145650220061214,0.09883925731969592,12375000.0,0.0,0.0,0.0,0.0,0.0,0.0,1.0,0.0,0.0,0.0,0.0,13802009.0,-16197991.0
Raúl Jiménez,Fulham,F,10,2,28.57142857,108,15,60.0,195,132,327,63.99217221,83,40.88669951,120,34,3,0,0,54,2,9,20,2,30,0,0,27,19,217,1,0,0.93309167,11.3511,45,0,12.67605634,0,9,12,0.0,76,43.93063584,4,0,2,2137145,184,8,25.0,0,27,2165.0,19,3,0,0,4,0,100.0,0,4,0,2,295,8,0,6.697058824,0,5,0,0,0,0,0,0,240.5555556,0.0,5,57,14,32,19,10.0,37.03703704,0,34,20,58.82352941,25,17,27,7,159,42.28723404,25,331,180,511,71,1,905,33,5,0,raúl jiménez,Raúl Jiménez,34.0,€1.00m,Fulham FC,Mexico,1000000.0,13.815511557963774,1156.0,24.055555555555557,0.37413379366262617,0.12471126455420872,0.4718700116937596,0.03878901403689947,12375000.0,0.0,0.0,1.0,0.0,0.0,0.0,0.0,0.0,0.0,0.0,0.0,1191619.5,191619.5
Emile Smith Rowe,Fulham,M,8,1,9.090909091,270,7,58.33333333,470,295,765,91.28878282,6,31.57894737,13,34,0,0,0,63,1,5,10,0,16,0,0,28,6,68,0,1,1.07899983,4.5779,8,0,9.090909091,0,3,3,0.0,54,49.5412844,1,0,1,2137108,73,22,18.0,0,19,1747.0,3,1,0,0,0,0,0.0,0,0,0,0,168,7,0,6.667647059,0,2,0,0,0,0,0,0,582.3333333,0.0,0,26,7,14,9,13.0,46.42857143,0,29,16,55.17241379,18,18,28,11,60,46.875,12,518,320,838,33,0,1114,12,1,0,emile smith rowe,Emile Smith Rowe,24.0,€25.00m,Fulham FC,England,25000000.0,17.034386422832473,576.0,19.41111111111111,0.1545505786516767,0.0,0.23583903133650358,0.05558668269718694,12375000.0,0.0,0.0,0.0,0.0,0.0,0.0,0.0,0.0,0.0,0.0,0.0,20285840.0,-4714160.0
Timothy Castagne,Fulham,D,33,12,30.0,133,30,56.60377358,240,330,570,85.32934132,26,45.61403509,31,27,0,0,0,48,2,1,4,2,60,0,0,1,5,57,0,1,0.94805238,1.2785,17,0,0.0,0,0,0,0.0,37,58.73015873,0,0,0,2137147,98,28,14.0,0,17,1609.0,0,10,0,0,0,0,0.0,0,0,0,0,159,2,0,6.632,0,0,0,0,0,0,0,0,0.0,0.0,0,12,0,2,6,1.0,25.0,0,30,19,63.33333333,14,50,4,40,63,52.5,53,292,376,668,12,1,1032,6,4,0,timothy castagne,Timothy Castagne,29.0,€8.00m,Fulham FC,Belgium,8000000.0,15.894952224644102,841.0,17.877777777777776,0.0,0.0,0.07151332233561834,0.0530296249057412,12375000.0,0.0,0.0,0.0,0.0,0.0,0.0,0.0,0.0,0.0,1.0,0.0,7738918.0,-261082.0
Saša Lukić,Fulham,M,9,17,29.8245614,139,8,50.0,283,243,526,84.83870968,22,41.50943396,31,24,2,0,0,65,2,3,4,4,32,0,0,9,8,100,0,2,1.70428426,2.2181,49,0,6.25,0,1,3,0.0,69,50.0,1,0,0,2137173,94,15,26.0,0,18,1554.0,2,8,0,0,0,0,0.0,0,0,0,0,167,5,0,6.629166667,0,0,0,0,0,0,0,0,1554.0,0.0,0,10,6,7,5,5.0,50.0,0,43,24,55.81395349,26,17,10,57,91,47.64397906,16,343,277,620,16,0,905,21,8,0,saša lukić,Saša Lukić,28.0,€9.00m,Fulham FC,Serbia,9000000.0,16.012735246411598,784.0,17.266666666666666,0.057915024373538015,0.11583004874707603,0.12846131556294468,0.0987036644573372,12375000.0,0.0,0.0,0.0,1.0,0.0,0.0,0.0,0.0,0.0,0.0,0.0,12923346.0,3923346.0
Rodrigo Muniz,Fulham,F,2,0,0.0,23,2,28.57142857,34,9,43,42.57425743,62,52.10084034,57,18,1,0,0,14,1,5,8,0,22,0,0,8,4,86,0,0,0.13019874,2.3203,12,0,4.0,0,1,2,0.0,22,43.1372549,0,0,0,2137112,58,2,8.0,1,7,768.0,5,3,1,0,0,0,0.0,0,0,0,0,113,5,0,6.611111111,0,0,0,0,0,0,0,0,768.0,0.0,0,23,2,13,4,4.0,36.36363636,0,7,3,42.85714286,8,10,11,2,84,49.41176471,7,84,17,101,25,0,266,12,1,0,rodrigo muniz,Rodrigo Muniz,24.0,€15.00m,Fulham FC,Brazil,15000000.0,16.52356082573315,576.0,8.533333333333333,0.11718736267105938,0.11718736267105938,0.27190983760565907,0.015257646963694966,12375000.0,0.0,0.0,1.0,0.0,0.0,0.0,0.0,0.0,0.0,0.0,0.0,14374420.0,-625580.0
Ryan Sessegnon,Fulham,D,10,6,10.71428571,139,21,36.20689655,269,250,519,76.4359352,19,42.22222222,26,27,1,0,0,74,3,1,6,3,64,0,0,18,12,102,0,1,1.81110763,1.6074,33,0,18.75,0,3,4,0.0,60,44.11764706,0,0,0,2169612,160,25,14.0,3,20,1822.0,4,8,0,0,0,2,0.0,0,0,0,0,339,3,0,6.573076923,0,0,0,0,0,0,0,0,607.3333333,0.0,0,14,2,6,4,9.0,36.0,0,48,29,60.41666667,14,36,25,56,79,43.64640884,58,356,323,679,16,0,1247,3,0,0,ryan sessegnon,Ryan Sessegnon,25.0,€10.00m,Fulham FC,England,10000000.0,16.118095750958314,625.0,20.244444444444444,0.14818873031292137,0.04939624343764046,0.07939952170166327,0.08946191338324806,12375000.0,0.0,0.0,0.0,0.0,0.0,0.0,1.0,0.0,0.0,0.0,0.0,12207954.0,2207954.0
Issa Diop,Fulham,D,6,0,0.0,21,12,33.33333333,82,211,293,87.20238095,14,70.0,6,10,0,0,0,14,0,0,0,0,33,0,0,0,3,15,0,1,0.03717088,0.0194,7,0,0.0,0,0,0,0.0,10,52.63157895,0,0,0,2339146,43,4,0.0,0,6,606.0,0,5,0,0,0,0,0.0,0,0,0,0,54,1,0,6.533333333,0,0,0,0,0,0,0,0,0.0,0.0,0,1,0,1,0,1.0,100.0,0,6,4,66.66666667,0,20,1,1,24,61.53846154,36,110,226,336,1,0,415,3,2,0,issa diop,Issa Diop,28.0,€9.00m,Fulham FC,France,9000000.0,16.012735246411598,784.0,6.733333333333333,0.0,0.0,0.0028811838398259807,0.005520419524129421,12375000.0,0.0,1.0,0.0,0.0,0.0,0.0,0.0,0.0,0.0,0.0,0.0,5837977.0,-3162023.0
Daniel Ballard,Sunderland,D,37,0,0.0,96,58,37.17948718,270,636,906,82.13961922,106,57.92349727,77,29,0,0,0,69,3,7,5,6,185,0,1,6,6,117,0,3,0.65835224,2.4595,29,0,7.692307692,66,2,2,0.0,62,60.78431373,1,0,0,2137018,197,20,15.0,0,24,2148.0,3,24,0,0,0,0,0.0,0,0,0,1,221,1,0,6.844827586,1,1,0,0,0,0,0,0,1074.0,0.0,0,25,1,12,9,3.0,60.0,0,33,18,54.54545455,15,89,5,1,168,58.94736842,156,421,682,1103,26,3,1493,30,4,0,daniel ballard,Daniel Ballard,25.0,€3.00m,Sunderland AFC,Northern Ireland,3000000.0,14.914123179965662,625.0,23.866666666666667,0.08379884757031526,0.0,0.10305163279959519,0.027584579503667807,6858333.333333333,0.0,1.0,0.0,0.0,0.0,0.0,0.0,0.0,0.0,0.0,0.0,5763593.5,2763593.5
Enzo Le Fée,Sunderland,M,22,23,26.43678161,260,27,52.94117647,475,326,801,81.1550152,17,25.0,51,33,5,0,1,138,9,1,10,7,35,0,0,28,34,172,1,3,4.6265704,4.6928,28,0,13.79310345,0,4,9,0.0,127,51.20967742,0,0,1,2137058,186,27,44.0,0,30,2675.0,4,11,0,0,4,0,75.0,0,3,0,0,386,20,0,6.83030303,0,4,0,0,0,0,0,0,668.75,0.0,4,13,16,10,9,13.0,29.54545455,0,81,52,64.19753086,44,48,44,87,144,45.56962025,51,619,368,987,29,0,1563,33,5,0,enzo le fée,Enzo Le Fée,25.0,€11.00m,Sunderland AFC,France,11000000.0,16.213405921671733,625.0,29.72222222222222,0.13457939397328803,0.16822424246661002,0.1578885450094615,0.15566026015168818,6858333.333333333,1.0,0.0,0.0,0.0,0.0,0.0,0.0,0.0,0.0,0.0,0.0,10204544.0,-795456.0
Noah Sadiki,Sunderland,M,22,4,23.52941176,205,36,46.15384615,447,408,855,85.15936255,11,36.66666667,19,30,1,0,0,96,0,0,8,7,41,0,0,21,15,98,0,2,1.38882702,1.0225,29,0,0.0,0,0,1,0.0,105,57.06521739,0,0,0,2137024,149,33,17.0,0,30,2637.0,1,10,0,0,0,0,0.0,0,0,0,0,247,14,0,6.783333333,0,0,0,0,0,0,0,0,0.0,0.0,0,10,6,4,4,25.0,59.52380952,0,46,24,52.17391304,17,48,42,17,116,54.20560748,78,553,451,1004,16,0,1411,35,8,0,noah sadiki,Noah Sadiki,20.0,€8.00m,Sunderland AFC,DR Congo,8000000.0,15.894952224644102,400.0,29.3,0.0,0.03412968118440915,0.03489759901105836,0.04740022341289303,6858333.333333333,1.0,0.0,0.0,0.0,0.0,0.0,0.0,0.0,0.0,0.0,0.0,8202373.5,202373.5
Trai Hume,Sunderland,D,31,13,15.85365854,191,41,41.41414141,388,328,716,74.81713689,64,49.23076923,66,35,1,0,0,93,1,4,11,8,98,0,0,8,30,145,0,3,1.71682443,1.9531,28,0,3.225806452,0,1,2,0.0,103,56.59340659,0,0,3,2137028,241,25,21.0,0,31,2798.0,1,11,1,0,0,1,0.0,0,0,0,0,415,9,0,6.728571429,0,1,0,0,0,0,0,0,2798.0,0.0,0,17,14,14,6,4.0,23.52941176,0,64,46,71.875,21,65,17,82,167,53.52564103,99,564,393,957,31,0,1600,36,9,0,trai hume,Trai Hume,23.0,€7.00m,Sunderland AFC,Northern Ireland,7000000.0,15.76142084987672,529.0,31.08888888888889,0.032165822391265135,0.032165822391265135,0.06282306771237994,0.055223069692365005,6858333.333333333,0.0,0.0,0.0,0.0,0.0,0.0,0.0,0.0,0.0,1.0,0.0,7320683.0,320683.0
Habib Diarra,Sunderland,M,4,2,7.407407407,120,4,26.66666667,204,145,349,81.92488263,10,43.47826087,13,18,1,0,0,46,0,2,3,4,13,0,0,13,7,68,0,1,0.64991475,3.2875,19,0,8.333333333,0,2,3,0.0,46,45.54455446,0,0,0,2137020,77,4,5.0,0,15,1365.0,1,0,0,0,1,0,100.0,0,1,0,1,145,9,0,6.661111111,0,2,0,0,0,0,0,0,682.5,0.0,0,17,7,13,8,6.0,27.27272727,0,14,7,50.0,5,15,22,27,56,45.16129032,15,263,163,426,24,0,625,26,5,0,habib diarra,Habib Diarra,21.0,€18.00m,Sunderland AFC,Senegal,18000000.0,16.705882371415992,441.0,15.166666666666666,0.1318680449221682,0.0659340224610841,0.21675809884081398,0.042851493724289855,6858333.333333333,1.0,0.0,0.0,0.0,0.0,0.0,0.0,0.0,0.0,0.0,0.0,13740519.0,-4259481.0
Chris Rigg,Sunderland,M,7,4,40.0,49,9,45.0,95,51,146,71.2195122,4,30.76923077,9,16,0,0,0,29,2,0,3,0,10,0,0,5,4,31,0,1,1.1390988,0.8401,8,0,8.333333333,0,1,1,0.0,28,56.0,0,0,0,2137006,59,3,8.0,1,11,759.0,2,1,0,0,0,0,0.0,0,0,0,0,91,2,0,6.65,0,0,0,0,0,0,0,0,759.0,0.0,0,9,3,6,3,7.0,58.33333333,0,13,8,61.53846154,8,16,12,10,32,50.79365079,20,132,73,205,12,0,311,8,1,0,chris rigg,Chris Rigg,18.0,€14.00m,Sunderland AFC,England,14000000.0,16.454567959008102,324.0,8.433333333333334,0.11857693449375356,0.0,0.09961648266820236,0.13507084378951328,6858333.333333333,0.0,0.0,0.0,0.0,0.0,0.0,0.0,0.0,0.0,0.0,0.0,11957545.0,-2042455.0
Dennis Cirkin,Sunderland,D,2,1,33.33333333,18,1,25.0,37,40,77,77.77777778,5,50.0,5,8,0,0,0,8,0,0,0,1,14,0,0,5,2,17,0,0,0.02737759,0.075,4,0,0.0,0,0,0,0.0,13,52.0,0,0,0,2551655,22,5,0.0,0,3,329.0,0,1,0,0,0,0,0.0,0,0,0,0,39,0,0,6.642857143,0,0,0,0,0,0,0,0,0.0,0.0,0,1,0,1,0,3.0,75.0,0,8,5,62.5,0,5,4,3,18,51.42857143,4,52,47,99,1,0,177,2,2,0,dennis cirkin,Dennis Cirkin,23.0,€3.00m,Sunderland AFC,England,3000000.0,14.914123179965662,529.0,3.6555555555555554,0.0,0.0,0.020516661200622854,0.0074892898469274705,6858333.333333333,0.0,0.0,0.0,0.0,0.0,0.0,1.0,0.0,0.0,0.0,0.0,2506740.5,-493259.5
Wilson Isidor,Sunderland,F,4,0,0.0,37,1,14.28571429,52,22,74,58.26771654,25,27.77777778,65,30,0,0,0,21,0,2,11,1,15,0,0,14,5,112,0,0,0.21149751,4.4737,14,0,12.5,0,5,5,0.0,21,30.88235294,1,0,0,2137056,53,0,0.0,0,11,1131.0,11,1,0,0,0,0,0.0,0,0,0,0,106,3,0,6.611111111,0,4,0,0,0,0,0,0,226.2,0.0,0,36,4,13,16,6.0,27.27272727,0,9,6,66.66666667,0,5,22,0,46,29.11392405,7,97,30,127,40,0,280,6,1,0,wilson isidor,Wilson Isidor,24.0,€7.00m,Sunderland AFC,France,7000000.0,15.76142084987672,576.0,12.566666666666666,0.39787766747135217,0.0,0.3559970641933176,0.016830027190959797,6858333.333333333,0.0,0.0,1.0,0.0,0.0,0.0,0.0,0.0,0.0,0.0,0.0,7942276.0,942276.0
Dan Neil,Sunderland,M,0,0,0.0,1,1,100.0,4,4,8,88.88888889,0,0.0,2,3,0,0,0,0,0,0,0,0,1,0,0,0,0,2,0,0,0.00088483,0.0,0,0,0.0,0,0,0,0.0,1,100.0,0,0,0,2294000,1,1,0.0,0,0,13.0,0,0,0,0,0,0,0.0,0,0,0,0,1,0,0,6.6,0,0,0,0,0,0,0,0,0.0,0.0,0,0,0,0,0,0.0,0.0,0,0,0,0.0,0,0,0,0,1,33.33333333,1,5,4,9,0,0,14,1,0,0,dan neil,Dan Neil,23.0,€2.50m,Sunderland AFC,England,2500000.0,14.731801689838349,529.0,0.14444444444444443,0.0,0.0,0.0,0.0061253220930858636,6858333.333333333,1.0,0.0,0.0,0.0,0.0,0.0,0.0,0.0,0.0,0.0,0.0,2535106.5,35106.5
Eliezer Mayenda,Sunderland,F,1,0,0.0,22,1,33.33333333,43,13,56,65.88235294,15,34.09090909,29,19,0,0,0,14,2,1,5,1,5,0,0,21,3,80,0,0,0.21361966,2.145,6,0,15.38461538,0,2,2,0.0,27,34.61538462,1,0,0,2137036,29,1,4.0,1,8,769.0,3,1,0,0,0,0,0.0,0,0,0,0,100,2,0,6.517647059,0,0,0,0,0,0,0,0,384.5,0.0,0,11,2,2,6,11.0,34.375,0,5,1,20.0,4,3,32,1,42,34.42622951,3,72,13,85,13,0,228,11,0,0,eliezer mayenda,Eliezer Mayenda,20.0,€7.00m,Sunderland AFC,Spain,7000000.0,15.76142084987672,400.0,8.544444444444444,0.23406994712229856,0.0,0.25104001828866523,0.0250009712602417,6858333.333333333,0.0,0.0,1.0,0.0,0.0,0.0,0.0,0.0,0.0,0.0,0.0,7121630.5,121630.5
Simon Adingra,Sunderland,M,2,5,18.51851852,43,2,33.33333333,77,45,122,75.77639752,9,39.13043478,14,14,0,0,0,20,2,1,2,0,11,0,0,12,9,68,0,0,0.61296761,0.3499,17,0,16.66666667,0,1,1,0.0,21,28.0,0,0,0,2137032,39,2,7.0,0,9,665.0,4,0,0,0,0,0,0.0,0,0,0,0,109,4,0,6.507692308,0,1,0,0,0,0,0,0,665.0,0.0,0,5,1,2,2,7.0,26.92307692,0,11,8,72.72727273,7,7,26,27,30,30.6122449,6,106,55,161,6,0,309,3,2,0,simon adingra,Simon Adingra,23.0,€25.00m,Brighton & Hove Albion,Cote d'Ivoire,25000000.0,17.034386422832473,529.0,7.388888888888889,0.13533816270023094,0.0,0.0473548231288108,0.0829579101321517,15365217.391304348,0.0,0.0,0.0,0.0,0.0,1.0,0.0,0.0,0.0,0.0,0.0,13048003.0,-11951997.0
Romaine Mundle,Sunderland,F,0,2,18.18181818,32,2,50.0,59,30,89,85.57692308,5,62.5,3,14,0,0,0,22,0,1,2,0,6,0,0,14,7,39,0,0,0.4741025,0.8612,7,0,0.0,0,0,0,0.0,19,34.54545455,0,0,0,2480253,15,1,1.0,0,2,412.0,0,0,0,0,0,0,0.0,0,0,0,0,64,3,0,6.5,0,0,0,0,0,0,0,0,0.0,0.0,0,5,2,3,2,7.0,46.66666667,0,5,5,100.0,1,2,15,11,24,38.0952381,4,67,37,104,7,0,208,8,1,0,romaine mundle,Romaine Mundle,22.0,€1.00m,Sunderland AFC,England,1000000.0,13.815511557963774,484.0,4.5777777777777775,0.0,0.0,0.18812580263780979,0.10356585386099885,6858333.333333333,0.0,0.0,0.0,0.0,0.0,1.0,0.0,0.0,0.0,0.0,0.0,6441242.5,5441242.5
Patrick Roberts,Sunderland,M,0,0,0.0,8,1,100.0,14,2,16,80.0,0,0.0,1,1,0,0,0,1,0,0,1,0,0,0,0,0,0,1,0,0,0.0176598,0.0339,0,0,0.0,0,0,0,0.0,1,100.0,0,0,0,2163713,4,0,0.0,0,0,27.0,0,0,0,0,0,0,0.0,0,0,0,0,4,0,0,6.4,0,0,0,0,0,0,0,0,0.0,0.0,0,1,0,0,0,1.0,100.0,0,0,0,0.0,0,0,1,0,1,50.0,1,18,2,20,1,0,23,0,0,0,patrick roberts,Patrick Roberts,28.0,€800k,Sunderland AFC,England,800000.0,13.592368256649284,784.0,0.3,0.0,0.0,0.11299623345888471,0.058864037865404485,6858333.333333333,0.0,0.0,0.0,0.0,0.0,0.0,0.0,0.0,1.0,0.0,0.0,1375635.5,575635.5
Bruno Guimarães,Newcastle United,M,68,20,28.16901408,394,73,60.83333333,675,419,1094,86.41390205,11,33.33333333,22,26,5,0,0,118,6,3,6,6,33,0,0,40,24,144,0,0,4.1545734,5.0829,36,0,25.71428571,0,9,14,0.0,132,51.96850394,2,0,2,2135767,172,13,43.0,1,24,2210.0,1,1,0,1,2,0,100.0,0,2,0,2,350,17,0,7.461538462,0,6,0,0,0,0,0,0,245.5555556,0.0,1,16,19,11,18,15.0,37.5,0,55,39,70.90909091,42,106,40,71,143,49.82578397,120,817,449,1266,35,5,1777,62,5,0,bruno guimarães,Bruno Guimarães,27.0,€75.00m,Newcastle United,Brazil,75000000.0,18.132998684833918,729.0,24.555555555555557,0.36651568784429,0.20361982658016112,0.2069958433048602,0.1691907030445101,30431578.94736842,0.0,0.0,0.0,1.0,0.0,0.0,0.0,0.0,0.0,0.0,0.0,57184284.0,-17815716.0
Fabian Schär,Newcastle United,D,37,1,25.0,78,71,46.1038961,240,432,672,84.42211055,46,63.01369863,27,16,0,0,0,43,0,2,4,4,71,0,0,1,6,48,0,3,0.61340373,0.9829,15,0,0.0,4,0,0,0.0,20,48.7804878,0,0,1,2135765,124,18,4.0,0,11,1091.0,1,12,0,0,0,0,0.0,0,0,0,0,138,1,0,7.1,0,0,0,0,0,0,0,0,0.0,0.0,2,7,10,9,4,0.0,0.0,0,14,10,71.42857143,4,90,1,4,66,57.89473684,154,336,460,796,17,1,975,6,1,0,fabian schär,Fabian Schär,33.0,€2.50m,Newcastle United,Switzerland,2500000.0,14.731801689838349,1089.0,12.122222222222222,0.0,0.0,0.08108242623814518,0.05060154918295669,30431578.94736842,0.0,1.0,0.0,0.0,0.0,0.0,0.0,0.0,0.0,0.0,0.0,2494975.2,-5024.75
Anthony Gordon,Newcastle United,F,10,15,21.42857143,203,17,65.38461538,307,116,423,81.81818182,8,23.52941176,26,26,2,0,0,57,5,9,11,2,13,0,1,26,12,113,1,1,3.3672756,8.8261,13,0,12.5,0,6,8,0.0,92,51.39664804,0,0,2,2135779,94,3,26.0,0,24,1817.0,5,0,0,0,3,0,100.0,0,3,0,1,260,10,0,7.052,1,6,0,0,0,0,0,0,302.8333333,0.0,0,32,16,17,20,33.0,47.14285714,0,19,13,68.42105263,26,20,70,70,100,46.94835681,26,385,132,517,48,2,937,40,3,0,anthony gordon,Anthony Gordon,24.0,€60.00m,Newcastle United,England,60000000.0,17.909855136853043,576.0,20.18888888888889,0.2971930283578836,0.0990643427859612,0.43717589793158607,0.16678847214660159,30431578.94736842,0.0,0.0,0.0,0.0,0.0,1.0,0.0,0.0,0.0,0.0,0.0,60515916.0,515916.0
Sven Botman,Newcastle United,D,19,0,0.0,39,44,45.36082474,230,645,875,87.15139442,73,63.47826087,42,22,1,0,0,80,3,1,3,4,114,0,0,4,2,58,0,3,0.87222064,1.7192,11,0,7.142857143,6,1,2,0.0,34,68.0,1,0,1,2192029,129,19,8.0,0,18,1568.0,0,21,1,0,0,1,0.0,0,0,0,0,149,1,0,6.97,0,0,0,0,0,0,0,0,1568.0,0.0,0,13,1,7,4,3.0,100.0,0,18,12,66.66666667,8,43,3,2,107,64.84848485,97,300,704,1004,14,0,1275,14,2,0,sven botman,Sven Botman,25.0,€38.00m,Newcastle United,Netherlands,38000000.0,17.453096744006448,625.0,17.42222222222222,0.057397926238435204,0.057397926238435204,0.09867851478911781,0.050063655958360744,30431578.94736842,0.0,1.0,0.0,0.0,0.0,0.0,0.0,0.0,0.0,0.0,0.0,39520590.0,1520592.0
Sandro Tonali,Newcastle United,M,48,19,20.43010753,340,67,47.85714286,685,539,1224,84.18156809,12,48.0,13,33,2,0,0,138,6,1,17,5,34,0,0,17,23,86,0,1,2.76437743,1.683,23,0,0.0,0,0,2,0.0,91,55.48780488,0,0,2,2135745,230,30,30.0,0,29,2400.0,1,7,0,0,0,0,0.0,0,0,0,0,377,13,0,6.932258065,0,0,0,0,0,0,0,0,0.0,0.0,2,10,24,9,8,19.0,63.33333333,0,33,24,72.72727273,30,90,30,93,103,54.4973545,140,861,593,1454,34,0,1902,41,4,0,sandro tonali,Sandro Tonali,25.0,€55.00m,Newcastle United,Italy,55000000.0,17.822843761378564,625.0,26.666666666666668,0.0,0.07499997187501055,0.06311247633282137,0.10366411475095696,30431578.94736842,1.0,0.0,0.0,0.0,0.0,0.0,0.0,0.0,0.0,0.0,0.0,30384424.0,-24615576.0
Lewis Miley,Newcastle United,M,22,6,14.28571429,192,21,61.76470588,399,355,754,89.76190476,45,72.58064516,17,23,4,0,0,69,3,2,4,2,34,0,0,9,12,45,0,2,2.1116459,1.3393,5,0,8.333333333,0,1,5,0.0,44,61.11111111,0,0,1,2135743,86,20,15.0,1,15,1494.0,2,3,0,0,0,0,0.0,0,0,0,0,158,2,0,6.914285714,0,0,0,0,0,0,0,0,1494.0,0.0,0,8,4,4,4,12.0,85.71428571,0,29,18,62.06896552,15,31,14,42,89,66.41791045,34,460,380,840,12,2,1121,4,0,0,lewis miley,Lewis Miley,19.0,€18.00m,Newcastle United,England,18000000.0,16.705882371415992,361.0,16.6,0.06024092756570628,0.24096371026282512,0.08068067428875042,0.12720750770632067,30431578.94736842,1.0,0.0,0.0,0.0,0.0,0.0,0.0,0.0,0.0,0.0,0.0,23291658.0,5291658.0
Lewis Hall,Newcastle United,D,29,17,18.08510638,278,42,41.17647059,532,401,933,84.9726776,25,47.16981132,28,27,1,0,0,120,5,1,10,3,68,0,0,33,13,115,1,1,2.54996191,0.8503,15,0,4.545454545,0,1,2,0.0,123,58.57142857,0,0,2,2176548,165,25,22.0,1,21,1909.0,0,12,0,0,0,0,0.0,0,0,0,0,360,9,0,6.865384615,0,0,0,0,0,0,0,0,1909.0,0.0,4,6,16,7,5,36.0,57.14285714,0,49,28,57.14285714,22,67,63,94,148,56.27376426,102,645,453,1098,22,0,1780,38,3,0,lewis hall,Lewis Hall,20.0,€28.00m,Newcastle United,England,28000000.0,17.147715103853763,400.0,21.211111111111112,0.04714507992112523,0.04714507992112523,0.04008746145693278,0.12021815804277515,30431578.94736842,0.0,0.0,0.0,0.0,0.0,0.0,1.0,0.0,0.0,0.0,0.0,27669660.0,-330340.0
Joelinton,Newcastle United,M,15,2,22.22222222,196,21,65.625,374,278,652,82.63624842,62,57.94392523,45,26,1,0,0,114,3,1,9,3,40,0,0,26,19,137,0,2,1.16188011,2.2993,43,0,6.896551724,0,2,3,0.0,79,46.19883041,1,0,1,2135741,137,29,15.0,1,22,1863.0,1,3,0,0,0,0,0.0,0,0,0,0,210,11,0,6.792307692,0,0,0,0,0,0,0,0,931.5,0.0,0,22,7,10,10,13.0,54.16666667,0,39,21,53.84615385,15,21,24,9,141,50.71942446,32,466,323,789,29,1,1127,27,10,0,joelinton,Joelinton,28.0,€32.00m,Newcastle United,Brazil,32000000.0,17.281246492014,784.0,20.7,0.09661831081241024,0.04830915540620512,0.11107724102548744,0.0561294467973687,30431578.94736842,1.0,0.0,0.0,0.0,0.0,0.0,0.0,0.0,0.0,0.0,0.0,26715124.0,-5284876.0
Tino Livramento,Newcastle United,D,10,9,25.0,206,20,58.82352941,331,249,580,88.82082695,9,50.0,9,17,1,0,0,81,1,0,2,5,39,0,0,9,8,50,0,0,0.94776038,0.1356,7,0,0.0,0,0,1,0.0,52,55.91397849,0,0,0,2135757,73,6,11.0,0,14,1328.0,2,2,0,1,0,0,0.0,0,0,0,0,188,5,0,6.776470588,0,0,0,0,0,0,0,0,0.0,0.0,0,1,2,1,0,14.0,43.75,0,22,15,68.18181818,10,15,32,36,61,54.95495495,34,381,272,653,3,0,1007,16,1,0,tino livramento,Tino Livramento,22.0,€35.00m,Newcastle United,England,35000000.0,17.370858648025116,484.0,14.755555555555556,0.0,0.0677710384081818,0.009189752808149453,0.06423070511473297,30431578.94736842,0.0,0.0,0.0,0.0,0.0,0.0,0.0,0.0,0.0,1.0,0.0,30538040.0,-4461960.0
Tino Livramento,Newcastle United,D,10,9,25.0,206,20,58.82352941,331,249,580,88.82082695,9,50.0,9,17,1,0,0,81,1,0,2,5,39,0,0,9,8,50,0,0,0.94776038,0.1356,7,0,0.0,0,0,1,0.0,52,55.91397849,0,0,0,2135757,73,6,11.0,0,14,1328.0,2,2,0,1,0,0,0.0,0,0,0,0,188,5,0,6.776470588,0,0,0,0,0,0,0,0,0.0,0.0,0,1,2,1,0,14.0,43.75,0,22,15,68.18181818,10,15,32,36,61,54.95495495,34,381,272,653,3,0,1007,16,1,0,tino livramento,Tino Livramento,22.0,€35.00m,Newcastle United,England,35000000.0,17.370858648025116,484.0,14.755555555555556,0.0,0.0677710384081818,0.009189752808149453,0.06423070511473297,30431578.94736842,0.0,0.0,0.0,0.0,0.0,0.0,0.0,0.0,0.0,1.0,0.0,30538040.0,-4461960.0
Jacob Murphy,Newcastle United,F,12,23,20.0,155,18,52.94117647,249,83,332,73.28918322,6,35.29411765,11,30,2,0,0,46,10,3,13,1,16,0,0,15,21,72,0,1,2.66088931,3.1233,9,0,7.5,0,3,5,0.0,46,42.99065421,0,0,1,2135753,121,4,22.0,0,17,1506.0,5,2,0,0,0,1,0.0,0,0,0,0,284,7,0,6.753333333,0,3,0,0,0,0,0,0,502.0,0.0,0,21,19,15,12,19.0,51.35135135,0,15,11,73.33333333,22,28,37,115,52,41.93548387,34,341,112,453,40,0,825,12,2,0,jacob murphy,Jacob Murphy,30.0,€10.00m,Newcastle United,England,10000000.0,16.118095750958314,900.0,16.733333333333334,0.17928276138480395,0.11952184092320263,0.1866512828777194,0.1590171944120352,30431578.94736842,0.0,0.0,0.0,0.0,0.0,0.0,0.0,0.0,1.0,0.0,0.0,10494208.0,494208.0
Harvey Barnes,Newcastle United,F,10,14,19.44444444,220,7,46.66666667,327,101,428,80.14981273,6,30.0,14,34,0,0,0,64,3,9,17,3,16,0,0,23,11,94,0,1,2.36050728,6.5908,17,0,11.32075472,0,6,6,0.0,48,37.5,0,0,1,2135755,106,3,20.0,3,18,1812.0,3,1,0,1,0,0,0.0,0,0,0,0,268,10,0,6.751515152,0,3,0,0,0,0,0,0,302.0,0.0,0,35,18,17,19,12.0,27.27272727,0,13,5,38.46153846,19,23,44,72,54,36.48648649,15,417,117,534,53,2,876,23,1,0,harvey barnes,Harvey Barnes,27.0,€30.00m,Newcastle United,England,30000000.0,17.216707972959764,729.0,20.133333333333333,0.2980130970133624,0.0,0.3273574532992782,0.11724368083923138,30431578.94736842,0.0,0.0,0.0,0.0,0.0,1.0,0.0,0.0,0.0,0.0,0.0,34736984.0,4736984.0
William Osula,Newcastle United,F,0,2,66.66666667,16,0,0.0,27,25,52,80.0,9,28.125,23,21,0,0,0,19,0,3,4,1,0,0,0,12,2,61,0,0,0.44945659,2.8091,21,0,31.25,0,5,5,0.0,18,32.14285714,1,0,0,2135739,13,1,5.0,3,5,641.0,1,1,0,0,0,0,0.0,0,0,0,0,54,4,0,6.721052632,0,1,0,0,0,0,0,0,128.2,0.0,0,15,1,3,9,5.0,45.45454545,0,3,2,66.66666667,5,1,11,3,27,30.68181818,1,37,28,65,16,0,172,10,0,0,william osula,William Osula,21.0,€2.50m,Newcastle United,Denmark,2500000.0,14.731801689838349,441.0,7.122222222222222,0.7020270954377756,0.0,0.39441286275885107,0.06310614088061343,30431578.94736842,0.0,0.0,1.0,0.0,0.0,0.0,0.0,0.0,0.0,0.0,0.0,3923568.0,1423568.0
Kieran Trippier,Newcastle United,D,37,32,33.33333333,264,48,42.10526316,454,376,830,82.01581028,23,50.0,23,19,1,0,0,69,1,0,0,4,46,0,0,6,26,83,0,1,1.95296189,0.0823,22,0,0.0,0,0,1,0.0,45,42.85714286,0,0,1,2135771,182,10,27.0,0,17,1506.0,1,1,0,0,0,0,0.0,0,0,0,0,283,1,0,6.7,0,0,0,0,0,0,0,0,0.0,0.0,2,0,2,2,0,4.0,40.0,0,24,12,50.0,27,94,10,96,68,45.03311258,114,598,414,1012,2,0,1416,18,3,0,kieran trippier,Kieran Trippier,34.0,€600k,Newcastle United,England,600000.0,13.304686600863562,1156.0,16.733333333333334,0.0,0.059760920461601315,0.004918323753989788,0.11671080017282859,30431578.94736842,0.0,0.0,0.0,0.0,0.0,0.0,0.0,0.0,0.0,1.0,0.0,855337.1,255337.125
Jacob Ramsey,Newcastle United,M,3,4,44.44444444,178,9,60.0,321,206,527,90.08547009,9,47.36842105,10,25,1,0,0,69,0,1,5,1,8,0,0,12,11,57,0,1,0.97087104,1.1319,15,0,13.33333333,0,2,3,0.0,58,55.23809524,0,0,0,2176544,58,9,19.0,1,13,1256.0,2,3,0,0,0,1,0.0,0,0,0,0,105,11,0,6.633333333,1,1,0,0,0,0,0,0,628.0,0.0,0,11,4,6,4,15.0,53.57142857,0,30,12,40.0,19,7,28,9,67,54.03225806,15,365,220,585,15,0,766,13,3,1,jacob ramsey,Jacob Ramsey,24.0,€28.00m,Aston Villa,England,28000000.0,17.147715103853763,576.0,13.955555555555556,0.14331199921910884,0.07165599960955442,0.08110742595805465,0.0695687348631677,21009523.80952381,0.0,0.0,0.0,0.0,1.0,0.0,0.0,0.0,0.0,0.0,0.0,20703232.0,-7296768.0
Anthony Elanga,Newcastle United,F,6,12,15.18987342,152,7,63.63636364,244,91,335,81.11380145,13,37.14285714,22,30,1,0,0,31,2,1,5,0,6,0,0,16,12,86,0,0,1.72908549,1.4632,8,0,0.0,0,0,1,0.0,50,43.85964912,0,0,0,2135751,78,3,15.0,0,14,1301.0,2,0,0,0,0,0,0.0,0,0,0,0,240,2,0,6.6,0,0,0,0,0,0,0,0,0.0,0.0,0,11,5,7,4,13.0,30.95238095,0,14,11,78.57142857,15,10,42,79,63,42.28187919,11,304,109,413,16,0,707,23,0,0,anthony elanga,Anthony Elanga,23.0,€40.00m,Nottingham Forest,Sweden,40000000.0,17.50439003707821,529.0,14.455555555555556,0.0,0.06917750787105528,0.10122052951692809,0.11961382509420247,23307692.307692308,0.0,0.0,0.0,0.0,0.0,0.0,0.0,0.0,1.0,0.0,0.0,26037750.0,-13962250.0
Dan Burn,Newcastle United,D,23,1,9.090909091,98,28,28.57142857,249,504,753,78.60125261,93,60.0,62,26,2,0,0,65,0,1,3,5,148,0,0,6,17,121,0,2,0.36709529,1.0569,36,0,10.0,3,1,3,0.0,47,44.33962264,1,0,0,2135775,205,19,6.0,0,23,2020.0,3,12,0,0,0,1,0.0,0,0,0,1,275,2,0,6.584615385,1,0,0,0,0,0,0,0,2020.0,0.0,0,9,1,4,3,2.0,66.66666667,0,35,24,68.57142857,6,57,3,11,140,53.63984674,98,392,566,958,10,0,1378,12,9,1,dan burn,Dan Burn,33.0,€2.00m,Newcastle United,England,2000000.0,14.508658238524095,1089.0,22.444444444444443,0.0445544355945584,0.0891088711891168,0.04708958297988877,0.01635572345537074,30431578.94736842,0.0,1.0,0.0,0.0,0.0,0.0,0.0,0.0,0.0,0.0,0.0,2136839.0,136839.0
Joe Willock,Newcastle United,M,6,2,15.38461538,98,8,44.44444444,153,84,237,82.00692042,9,47.36842105,10,22,1,0,0,51,3,1,2,0,6,0,0,11,14,59,0,0,0.69408321,1.0798,15,0,0.0,0,0,1,0.0,34,40.96385542,0,0,1,2261082,52,7,11.0,0,9,884.0,2,1,0,0,0,0,0.0,0,0,0,0,111,9,0,6.528571429,0,0,0,0,0,0,0,0,0.0,0.0,0,9,5,7,5,7.0,43.75,0,18,14,77.77777778,11,16,16,13,43,42.15686275,18,196,93,289,14,0,462,9,3,0,joe willock,Joe Willock,25.0,€18.00m,Newcastle United,England,18000000.0,16.705882371415992,625.0,9.822222222222223,0.0,0.10180985109856788,0.10993427721623361,0.07066450826011601,30431578.94736842,1.0,0.0,0.0,0.0,0.0,0.0,0.0,0.0,0.0,0.0,0.0,19158136.0,1158136.0
Yoane Wissa,Newcastle United,F,2,0,0.0,26,3,75.0,35,19,54,68.35443038,12,37.5,20,16,0,0,0,13,0,5,0,0,2,0,0,5,1,43,0,0,0.54783702,3.1172,6,0,7.692307692,0,1,1,0.0,6,20.68965517,0,0,0,2518849,25,0,2.0,0,4,483.0,4,1,0,0,0,0,0.0,0,0,0,0,51,2,0,6.426666667,0,1,0,0,0,0,0,0,483.0,0.0,0,12,1,8,5,1.0,8.333333333,0,4,4,100.0,2,3,12,1,18,29.50819672,4,55,24,79,13,0,141,1,2,0,yoane wissa,Yoane Wissa,28.0,€28.00m,Brentford FC,DR Congo,28000000.0,17.147715103853763,784.0,5.366666666666666,0.18633505651852825,0.0,0.5808436381795563,0.1020812420846421,16000000.0,0.0,0.0,1.0,0.0,0.0,0.0,0.0,0.0,0.0,0.0,0.0,7762652.5,-20237347.5
Jamaal Lascelles,Newcastle United,D,0,0,0.0,0,0,0.0,0,6,6,75.0,1,100.0,0,2,0,0,0,0,0,0,1,0,4,0,0,0,0,0,0,0,3.89e-05,0.0375,0,0,0.0,0,0,0,0.0,0,0.0,0,0,0,2293993,2,0,0.0,0,0,25.0,0,1,0,0,0,0,0.0,0,0,0,0,2,0,0,6.4,0,0,0,0,0,0,0,0,0.0,0.0,0,1,0,0,0,0.0,0.0,0,0,0,0.0,0,0,0,0,1,100.0,1,2,6,8,1,0,14,0,0,0,jamaal lascelles,Jamaal Lascelles,31.0,€600k,Newcastle United,England,600000.0,13.304686600863562,961.0,0.2777777777777778,0.0,0.0,0.13499514017495368,0.00014003495874148527,30431578.94736842,0.0,1.0,0.0,0.0,0.0,0.0,0.0,0.0,0.0,0.0,0.0,687635.9,87635.875
Ethan Ampadu,Leeds United,M,45,9,36.0,252,77,52.73972603,626,722,1348,85.3164557,52,65.0,28,32,1,0,0,167,1,3,11,5,76,0,0,12,15,99,0,4,2.18027468,2.4957,45,0,3.846153846,0,1,2,0.0,116,62.03208556,0,0,0,2152591,232,47,19.0,0,32,2853.0,0,16,0,1,0,1,0.0,0,0,0,0,406,15,0,7.1125,0,1,0,0,0,0,0,0,2853.0,0.0,0,11,15,9,6,10.0,66.66666667,0,75,43,57.33333333,18,84,15,25,168,62.92134831,146,793,787,1580,26,3,2171,33,9,0,ethan ampadu,Ethan Ampadu,24.0,€15.00m,Leeds United,Wales,15000000.0,16.52356082573315,576.0,31.7,0.031545731373586315,0.031545731373586315,0.07872868178905937,0.06877835937591188,8282142.857142857,0.0,1.0,0.0,0.0,0.0,0.0,0.0,0.0,0.0,0.0,0.0,16083793.0,1083793.0
Sean Longstaff,Leeds United,M,8,25,48.07692308,79,15,46.875,177,191,368,85.38283063,9,47.36842105,10,21,2,0,0,40,6,0,3,1,10,0,0,11,22,60,0,0,1.76128021,1.0023,13,0,14.28571429,0,2,4,0.0,56,52.83018868,0,0,1,2152569,63,12,25.0,0,10,1003.0,1,6,0,0,0,0,0.0,0,0,0,0,115,5,0,6.872222222,0,2,0,0,0,0,0,0,501.5,0.0,1,7,7,8,3,2.0,28.57142857,0,37,22,59.45945946,25,20,7,52,65,52.0,32,221,210,431,14,1,640,17,2,0,sean longstaff,Sean Longstaff,27.0,€16.00m,Newcastle United,England,16000000.0,16.588099342704055,729.0,11.144444444444444,0.17946145412232434,0.17946145412232434,0.08993710773340284,0.15804095380173638,30431578.94736842,1.0,0.0,0.0,0.0,0.0,0.0,0.0,0.0,0.0,0.0,0.0,25763426.0,9763426.0
Jaka Bijol,Leeds United,D,38,0,0.0,65,56,48.69565217,209,563,772,85.02202643,59,52.21238938,54,22,2,0,0,60,2,1,4,4,127,0,0,0,6,74,0,1,0.67100532,0.8808,15,0,6.666666667,17,1,3,0.0,37,64.9122807,1,0,1,2391707,136,24,6.0,0,18,1663.0,0,9,0,0,0,1,0.0,0,0,0,0,147,1,0,6.868181818,0,0,0,0,0,0,0,0,1663.0,0.0,0,15,0,5,6,2.0,100.0,0,25,14,56.0,6,78,2,1,96,56.47058824,115,312,596,908,15,0,1170,10,3,0,jaka bijol,Jaka Bijol,26.0,€14.00m,Leeds United,Slovenia,14000000.0,16.454567959008102,676.0,18.477777777777778,0.05411903264754697,0.10823806529509394,0.047668043955959374,0.036314158819757705,8282142.857142857,0.0,1.0,0.0,0.0,0.0,0.0,0.0,0.0,0.0,0.0,0.0,9112588.0,-4887412.0
Pascal Struijk,Leeds United,D,39,0,0.0,166,67,45.27027027,494,1057,1551,88.27546955,106,56.08465608,83,32,1,0,0,112,2,4,8,6,203,0,0,6,16,129,0,0,0.76755454,2.9857,24,0,0.0,61,0,1,0.0,59,56.19047619,0,0,0,2152607,206,28,12.0,0,31,2791.0,5,18,0,0,0,0,0.0,0,0,0,0,240,1,0,6.815625,0,0,0,0,0,0,0,0,0.0,0.0,0,29,1,17,5,3.0,60.0,0,36,23,63.88888889,12,97,5,2,165,56.12244898,148,628,1129,1757,30,0,2190,21,5,0,pascal struijk,Pascal Struijk,25.0,€12.00m,Leeds United,Netherlands,12000000.0,16.300417291085605,625.0,31.011111111111113,0.0,0.03224649623008004,0.09627836379414997,0.02475094458049082,8282142.857142857,0.0,1.0,0.0,0.0,0.0,0.0,0.0,0.0,0.0,0.0,0.0,9314819.0,-2685181.0
Brenden Aaronson,Leeds United,M,5,9,25.71428571,175,7,30.43478261,319,181,500,80.51529791,23,33.33333333,46,34,5,0,0,123,9,4,16,1,16,0,0,67,38,215,0,0,3.16525042,4.2666,19,0,9.302325581,0,4,9,0.0,122,41.92439863,0,0,2,2152571,121,15,31.0,1,27,2261.0,5,3,0,0,0,1,0.0,0,0,0,0,341,14,0,6.735294118,0,3,0,0,0,0,0,0,565.25,0.0,0,27,16,11,16,27.0,36.0,0,47,22,46.80851064,31,14,75,35,145,40.27777778,23,412,209,621,43,1,1185,48,2,0,brenden aaronson,Brenden Aaronson,24.0,€10.00m,Leeds United,United States,10000000.0,16.118095750958314,576.0,25.122222222222224,0.15922151999143389,0.19902689998929235,0.16983363429886297,0.12599399575648113,8282142.857142857,0.0,0.0,0.0,0.0,0.0,0.0,0.0,0.0,0.0,0.0,0.0,10327570.0,327570.0
Ao Tanaka,Leeds United,M,15,13,40.625,114,18,51.42857143,227,269,496,86.11111111,10,45.45454545,12,25,0,0,0,62,1,1,2,1,11,0,0,5,17,50,0,1,1.40369678,1.5738,13,0,12.5,0,2,2,0.0,30,44.11764706,0,0,0,2152595,80,17,18.0,1,11,1099.0,0,2,0,0,0,0,0.0,0,0,0,0,128,9,0,6.734782609,0,1,0,0,0,0,0,0,549.5,0.0,0,5,11,9,5,2.0,28.57142857,0,20,9,45.0,18,32,7,32,40,44.44444444,35,280,296,576,16,0,750,8,1,0,ao tanaka,Ao Tanaka,26.0,€5.00m,Leeds United,Japan,5000000.0,15.424948670398354,676.0,12.21111111111111,0.1637851251987146,0.0,0.12888251501886852,0.11495232642666627,8282142.857142857,0.0,0.0,0.0,1.0,0.0,0.0,0.0,0.0,0.0,0.0,0.0,5402151.0,402151.0
Ilia Gruev,Leeds United,M,21,4,26.66666667,80,19,67.85714286,201,322,523,89.55479452,14,41.17647059,20,23,3,0,0,51,2,1,1,2,19,0,0,5,19,61,0,0,0.88321918,0.4662,16,0,0.0,0,0,3,0.0,38,48.10126582,0,0,0,2152601,61,15,11.0,0,15,1334.0,0,6,0,0,0,0,0.0,0,0,0,0,95,4,0,6.709090909,0,0,0,0,0,0,0,0,0.0,0.0,0,3,4,5,1,6.0,85.71428571,0,24,12,50.0,11,28,7,15,52,46.01769912,28,240,344,584,7,0,748,9,3,0,ilia gruev,Ilia Gruev,25.0,€800k,Leeds United,Bulgaria,800000.0,13.592368256649284,625.0,14.822222222222223,0.0,0.20239866404887732,0.03145275239319554,0.05958746069811497,8282142.857142857,0.0,0.0,0.0,1.0,0.0,0.0,0.0,0.0,0.0,0.0,0.0,1571599.1,771599.125
Sebastiaan Bornauw,Leeds United,D,3,1,100.0,6,6,40.0,24,64,88,81.48148148,9,47.36842105,10,9,0,0,0,7,0,0,0,0,23,0,0,1,2,18,0,0,0.0128804,0.0,5,0,0.0,0,0,0,0.0,7,46.66666667,0,0,0,2504581,20,4,0.0,0,4,315.0,0,5,0,0,0,0,0.0,0,0,0,0,26,0,0,6.7,0,0,0,0,0,0,0,0,0.0,0.0,0,0,0,0,0,1.0,100.0,0,6,2,33.33333333,0,6,1,1,16,47.05882353,15,36,72,108,0,0,170,0,1,0,sebastiaan bornauw,Sebastiaan Bornauw,26.0,€2.00m,Leeds United,Belgium,2000000.0,14.508658238524095,676.0,3.5,0.0,0.0,0.0,0.0036801037711320823,8282142.857142857,0.0,1.0,0.0,0.0,0.0,0.0,0.0,0.0,0.0,0.0,0.0,2358127.8,358127.75
Joe Rodon,Leeds United,D,19,2,40.0,120,37,40.65934066,391,818,1209,87.73584906,82,52.22929936,75,32,0,0,0,76,1,1,4,5,171,0,0,5,8,100,1,2,0.49605007,1.3522,14,0,11.76470588,0,2,2,0.0,50,66.66666667,2,0,1,2152581,169,27,6.0,0,30,2683.0,1,19,0,0,0,0,0.0,0,0,0,0,216,1,0,6.693548387,0,0,0,0,0,0,0,0,1341.5,0.0,0,17,0,7,6,1.0,100.0,0,33,18,54.54545455,6,49,1,5,132,56.89655172,91,504,874,1378,17,0,1796,18,2,0,joe rodon,Joe Rodon,27.0,€5.00m,Leeds United,Wales,5000000.0,15.424948670398354,729.0,29.81111111111111,0.06708905688402864,0.0,0.04535891135929176,0.016639765681778194,8282142.857142857,0.0,1.0,0.0,0.0,0.0,0.0,0.0,0.0,0.0,0.0,0.0,7127705.0,2127705.0
Lukas Nmecha,Leeds United,F,3,0,0.0,40,5,83.33333333,73,41,114,63.68715084,27,37.5,45,28,1,0,1,23,1,6,5,0,8,0,0,14,3,82,0,0,0.98932704,6.7659,16,0,21.42857143,0,6,7,0.0,23,38.33333333,0,0,1,2152565,65,3,7.0,1,9,945.0,2,1,0,0,3,0,66.66666667,0,2,0,0,126,6,0,6.652,0,5,0,0,0,0,0,0,157.5,0.0,0,27,1,8,15,3.0,33.33333333,0,8,5,62.5,7,6,9,8,50,37.87878788,6,129,50,179,28,0,343,14,0,0,lukas nmecha,Lukas Nmecha,26.0,€150k,Leeds United,Germany,150000.0,11.918397239722838,676.0,10.5,0.5714280272114026,0.09523800453523378,0.6443708148849383,0.09422153312234942,8282142.857142857,0.0,0.0,1.0,0.0,0.0,0.0,0.0,0.0,0.0,0.0,0.0,236867.03,86867.03125
Wilfried Gnonto,Leeds United,F,2,2,11.76470588,66,6,75.0,97,50,147,79.03225806,1,7.692307692,12,20,1,0,0,22,1,0,4,0,10,0,0,9,3,40,0,0,0.7058524,0.3652,7,0,0.0,0,0,1,0.0,29,50.87719298,0,0,0,2152577,39,3,8.0,0,4,457.0,0,0,0,0,0,0,0.0,0,0,0,1,86,4,0,6.65,0,0,0,0,0,0,0,0,0.0,0.0,0,4,5,5,0,4.0,30.76923077,0,16,13,81.25,8,5,13,17,30,42.85714286,8,127,59,186,9,0,313,9,3,0,wilfried gnonto,Wilfried Gnonto,21.0,€18.00m,Leeds United,Italy,18000000.0,16.705882371415992,441.0,5.0777777777777775,0.0,0.19693615483032967,0.0719210837440364,0.1390078575337598,8282142.857142857,0.0,0.0,0.0,0.0,0.0,0.0,0.0,0.0,1.0,0.0,0.0,10594363.0,-7405637.0
Daniel James,Leeds United,M,4,5,11.9047619,34,1,25.0,49,12,61,64.21052632,2,40.0,3,16,0,0,0,18,1,2,5,0,2,0,0,2,4,18,0,0,0.59946703,0.7562,1,0,0.0,0,0,0,0.0,17,53.125,0,0,0,2152583,34,1,8.0,0,4,423.0,1,0,0,0,0,0,0.0,0,0,0,0,93,3,0,6.62,0,0,0,0,0,0,0,0,0.0,0.0,0,5,6,3,3,5.0,38.46153846,0,5,4,80.0,8,8,13,42,19,51.35135135,4,76,19,95,11,0,203,7,0,0,daniel james,Daniel James,27.0,€11.00m,Leeds United,Wales,11000000.0,16.213405921671733,729.0,4.7,0.0,0.0,0.16089327469516024,0.12754590522147827,8282142.857142857,0.0,0.0,0.0,0.0,0.0,0.0,0.0,0.0,1.0,0.0,0.0,10343893.0,-656107.0
Jayden Bogle,Leeds United,D,30,15,23.4375,167,30,34.88372093,338,320,658,76.42276423,24,45.28301887,29,33,2,0,0,132,7,3,7,4,70,0,0,34,24,162,1,1,2.93514435,2.0788,38,0,5.882352941,0,1,3,0.0,107,44.58333333,0,0,0,2152567,203,33,20.0,1,31,2731.0,10,5,0,0,0,0,0.0,0,0,0,1,400,16,0,6.606060606,0,0,0,0,0,0,0,0,2731.0,0.0,0,10,7,6,4,17.0,30.90909091,0,62,40,64.51612903,20,69,55,64,131,44.70989761,86,489,372,861,17,0,1502,28,6,0,jayden bogle,Jayden Bogle,24.0,€4.00m,Leeds United,England,4000000.0,15.201805169084134,576.0,30.344444444444445,0.03295495069225352,0.06590990138450704,0.06850675149905663,0.09672753732889652,8282142.857142857,0.0,0.0,0.0,0.0,0.0,0.0,0.0,0.0,0.0,1.0,0.0,7189639.5,3189639.5
Jack Harrison,Leeds United,F,4,2,11.76470588,33,3,27.27272727,57,36,93,79.48717949,1,25.0,3,11,0,0,0,13,1,1,1,0,2,0,0,0,3,11,0,0,0.23501019,0.2839,1,0,0.0,0,0,0,0.0,12,60.0,0,0,0,2152585,24,4,2.0,0,1,263.0,0,0,0,0,0,1,0.0,0,0,0,0,53,2,0,6.58,0,0,0,0,0,0,0,0,0.0,0.0,0,2,4,3,2,3.0,42.85714286,0,5,2,40.0,2,9,7,17,13,54.16666667,11,74,43,117,6,0,182,4,0,0,jack harrison,Jack Harrison,28.0,€8.00m,Leeds United,England,8000000.0,15.894952224644102,784.0,2.922222222222222,0.0,0.0,0.09715175879626267,0.08042146281628694,8282142.857142857,0.0,0.0,0.0,0.0,0.0,0.0,0.0,0.0,1.0,0.0,0.0,5007936.0,-2992064.0
Joël Piroe,Leeds United,F,3,1,25.0,30,6,85.71428571,42,34,76,82.60869565,4,22.22222222,14,14,0,0,0,8,0,1,5,0,0,0,0,5,1,24,0,0,0.12653526,0.865,3,0,0.0,0,0,0,0.0,2,16.66666667,0,0,0,2152587,16,1,1.0,0,2,287.0,1,0,0,0,0,0,0.0,0,0,0,0,31,2,0,6.435714286,0,0,0,0,0,0,0,0,0.0,0.0,0,8,3,4,2,1.0,33.33333333,0,1,1,100.0,1,4,3,4,6,20.0,7,54,38,92,11,0,134,0,0,0,joël piroe,Joël Piroe,25.0,€11.00m,Leeds United,Netherlands,11000000.0,16.213405921671733,625.0,3.188888888888889,0.0,0.0,0.27125350477995014,0.03967992225808351,8282142.857142857,0.0,0.0,1.0,0.0,0.0,0.0,0.0,0.0,0.0,0.0,0.0,6814321.0,-4185679.0
Facundo Buonanotte,Leeds United,M,0,0,0.0,8,1,50.0,20,4,24,80.0,1,100.0,0,3,0,0,0,3,0,0,1,0,0,0,0,0,2,5,0,0,0.10055615,0.0401,1,0,0.0,0,0,0,0.0,1,16.66666667,0,0,0,2263391,6,1,2.0,0,1,74.0,0,0,0,0,0,0,0.0,0,0,0,0,12,0,0,6.4,0,0,0,0,0,0,0,0,0.0,0.0,0,1,0,0,0,0.0,0.0,0,1,0,0.0,2,1,2,0,2,28.57142857,2,25,5,30,1,0,46,0,1,0,facundo buonanotte,Facundo Buonanotte,20.0,€18.00m,Brighton & Hove Albion,Argentina,18000000.0,16.705882371415992,400.0,0.8222222222222222,0.0,0.0,0.04876967712554847,0.12229653288000553,15365217.391304348,0.0,0.0,0.0,0.0,0.0,0.0,0.0,0.0,0.0,0.0,0.0,9292548.0,-8707452.0
Adam Wharton,Crystal Palace,M,52,24,29.62962963,238,58,47.9338843,489,381,870,78.94736842,23,45.09803922,28,30,5,0,0,142,14,0,14,5,39,0,0,24,36,130,0,2,6.665188,1.336,31,0,0.0,0,0,5,0.0,104,50.48543689,0,0,1,2143800,232,25,36.0,0,27,2335.0,0,3,0,0,0,1,0.0,0,0,0,0,362,14,0,7.033333333,1,0,0,0,0,0,0,0,0.0,0.0,0,7,19,8,4,15.0,53.57142857,0,61,34,55.73770492,36,99,28,81,127,49.41634241,121,667,435,1102,26,2,1523,28,4,1,adam wharton,Adam Wharton,21.0,€40.00m,Crystal Palace,England,40000000.0,17.50439003707821,441.0,25.944444444444443,0.0,0.19271941179979846,0.051494626832906155,0.25690222217901504,17763157.89473684,0.0,0.0,0.0,1.0,0.0,0.0,0.0,0.0,0.0,0.0,0.0,30348630.0,-9651370.0
Chris Richards,Crystal Palace,D,26,4,33.33333333,125,65,40.625,387,769,1156,84.19519301,93,54.38596491,78,30,0,0,0,61,1,1,6,10,179,0,0,10,16,122,2,2,1.27873562,1.7472,16,0,9.090909091,0,1,1,0.0,59,57.2815534,1,0,0,2143773,217,42,9.0,0,29,2617.0,0,19,0,0,0,0,0.0,0,0,0,0,332,0,0,6.93,0,0,0,0,0,0,0,0,2617.0,0.0,0,11,0,4,1,4.0,66.66666667,0,51,32,62.74509804,9,75,6,12,152,55.47445255,160,528,845,1373,11,0,1930,4,3,0,chris richards,Chris Richards,25.0,€9.00m,Crystal Palace,United States,9000000.0,16.012735246411598,625.0,29.07777777777778,0.034390511673114056,0.0,0.06008710199526489,0.04397637226643674,17763157.89473684,0.0,1.0,0.0,0.0,0.0,0.0,0.0,0.0,0.0,0.0,0.0,14839003.0,5839003.0
Daniel Muñoz,Crystal Palace,M,23,13,22.4137931,167,23,36.50793651,307,263,570,78.2967033,38,44.70588235,47,25,2,0,0,87,5,0,7,10,87,0,0,7,18,118,0,1,3.43045283,2.3361,34,0,16.66666667,0,4,6,0.0,83,53.8961039,1,0,0,2143774,158,24,21.0,0,25,2096.0,6,1,0,1,0,0,0.0,0,0,0,0,270,6,0,6.924,0,3,0,0,0,0,0,0,524.0,0.0,0,21,3,6,11,2.0,13.33333333,0,64,42,65.625,20,55,15,58,121,50.62761506,63,423,305,728,24,1,1253,17,7,0,daniel muñoz,Daniel Muñoz,29.0,€20.00m,Crystal Palace,Colombia,20000000.0,16.811242881518265,841.0,23.288888888888888,0.17175565144079855,0.08587782572039927,0.10030959433271236,0.14729991513839524,17763157.89473684,0.0,0.0,0.0,0.0,0.0,0.0,0.0,0.0,0.0,1.0,0.0,15343546.0,-4656454.0
Daniel Muñoz,Crystal Palace,M,23,13,22.4137931,167,23,36.50793651,307,263,570,78.2967033,38,44.70588235,47,25,2,0,0,87,5,0,7,10,87,0,0,7,18,118,0,1,3.43045283,2.3361,34,0,16.66666667,0,4,6,0.0,83,53.8961039,1,0,0,2143774,158,24,21.0,0,25,2096.0,6,1,0,1,0,0,0.0,0,0,0,0,270,6,0,6.924,0,3,0,0,0,0,0,0,524.0,0.0,0,21,3,6,11,2.0,13.33333333,0,64,42,65.625,20,55,15,58,121,50.62761506,63,423,305,728,24,1,1253,17,7,0,daniel muñoz,Daniel Muñoz,29.0,€20.00m,Crystal Palace,Colombia,20000000.0,16.811242881518265,841.0,23.288888888888888,0.17175565144079855,0.08587782572039927,0.10030959433271236,0.14729991513839524,17763157.89473684,0.0,0.0,0.0,0.0,0.0,0.0,0.0,0.0,0.0,1.0,0.0,15343546.0,-4656454.0
Maxence Lacroix,Crystal Palace,D,22,2,40.0,84,76,47.79874214,386,964,1350,88.00521512,106,60.57142857,69,32,2,0,0,87,3,2,6,11,233,0,1,6,9,120,1,2,0.83479227,2.288,33,0,4.545454545,2,1,3,0.0,79,60.76923077,1,0,2,2143808,184,41,6.0,0,32,2846.0,0,16,0,0,0,2,0.0,0,0,0,0,219,1,0,6.8875,1,0,0,0,0,0,0,0,2846.0,0.0,0,20,2,10,6,7.0,63.63636364,0,55,36,65.45454545,6,57,11,5,185,60.6557377,159,513,1021,1534,22,2,2061,18,4,0,maxence lacroix,Maxence Lacroix,25.0,€22.00m,Crystal Palace,France,22000000.0,16.906553056777135,625.0,31.622222222222224,0.0316233209905169,0.0632466419810338,0.07235415842630266,0.026398903914612255,17763157.89473684,0.0,1.0,0.0,0.0,0.0,0.0,0.0,0.0,0.0,0.0,0.0,20584634.0,-1415366.0
Maxence Lacroix,Crystal Palace,D,22,2,40.0,84,76,47.79874214,386,964,1350,88.00521512,106,60.57142857,69,32,2,0,0,87,3,2,6,11,233,0,1,6,9,120,1,2,0.83479227,2.288,33,0,4.545454545,2,1,3,0.0,79,60.76923077,1,0,2,2143808,184,41,6.0,0,32,2846.0,0,16,0,0,0,2,0.0,0,0,0,0,219,1,0,6.8875,1,0,0,0,0,0,0,0,2846.0,0.0,0,20,2,10,6,7.0,63.63636364,0,55,36,65.45454545,6,57,11,5,185,60.6557377,159,513,1021,1534,22,2,2061,18,4,0,maxence lacroix,Maxence Lacroix,25.0,€20.00m,Crystal Palace,France,20000000.0,16.811242881518265,625.0,31.622222222222224,0.0316233209905169,0.0632466419810338,0.07235415842630266,0.026398903914612255,17763157.89473684,0.0,1.0,0.0,0.0,0.0,0.0,0.0,0.0,0.0,0.0,0.0,20584634.0,584634.0
Daichi Kamada,Crystal Palace,M,15,9,25.0,150,27,51.92307692,301,299,600,83.79888268,14,53.84615385,12,24,0,0,0,95,4,1,5,1,22,0,0,14,19,83,0,3,2.37523468,1.3912,28,0,0.0,0,0,0,0.0,88,55.34591195,0,0,0,2199197,116,10,17.0,0,19,1668.0,1,1,0,0,0,0,0.0,0,0,0,1,204,11,0,6.841666667,0,0,0,0,0,0,0,0,0.0,0.0,0,9,7,7,4,11.0,50.0,0,54,33,61.11111111,17,33,22,36,102,55.13513514,52,387,329,716,16,0,998,24,2,0,daichi kamada,Daichi Kamada,28.0,€8.00m,Crystal Palace,Japan,8000000.0,15.894952224644102,784.0,18.533333333333335,0.0,0.0,0.07506470769889871,0.1281600754531967,17763157.89473684,0.0,0.0,0.0,0.0,0.0,0.0,0.0,0.0,0.0,0.0,0.0,15165337.0,7165337.0
Daichi Kamada,Crystal Palace,M,15,9,25.0,150,27,51.92307692,301,299,600,83.79888268,14,53.84615385,12,24,0,0,0,95,4,1,5,1,22,0,0,14,19,83,0,3,2.37523468,1.3912,28,0,0.0,0,0,0,0.0,88,55.34591195,0,0,0,2199197,116,10,17.0,0,19,1668.0,1,1,0,0,0,0,0.0,0,0,0,1,204,11,0,6.841666667,0,0,0,0,0,0,0,0,0.0,0.0,0,9,7,7,4,11.0,50.0,0,54,33,61.11111111,17,33,22,36,102,55.13513514,52,387,329,716,16,0,998,24,2,0,daichi kamada,Daichi Kamada,28.0,€7.50m,Crystal Palace,Japan,7500000.0,15.830413711839864,784.0,18.533333333333335,0.0,0.0,0.07506470769889871,0.1281600754531967,17763157.89473684,0.0,0.0,0.0,0.0,0.0,0.0,0.0,0.0,0.0,0.0,0.0,15165337.0,7665337.0
Ismaïla Sarr,Crystal Palace,F,7,3,15.78947368,121,7,38.88888889,210,91,301,72.1822542,21,27.27272727,56,24,1,0,0,69,3,8,8,7,25,0,0,39,7,129,0,2,1.00322534,9.0906,12,0,17.94871795,0,7,8,0.0,66,47.48201439,1,0,3,2143758,116,8,17.0,1,21,1922.0,13,3,0,0,2,0,100.0,0,2,0,1,238,9,0,6.825,0,5,0,0,0,0,0,0,274.5714286,0.0,0,32,7,15,16,10.0,34.48275862,0,18,9,50.0,17,19,29,19,87,40.27777778,18,301,116,417,39,1,766,38,2,0,ismaïla sarr,Ismaïla Sarr,27.0,€22.00m,Crystal Palace,Senegal,22000000.0,16.906553056777135,729.0,21.355555555555554,0.32778340530433675,0.04682620075776239,0.4256782606085148,0.04697723117611444,17763157.89473684,0.0,0.0,0.0,0.0,0.0,0.0,0.0,0.0,0.0,0.0,0.0,19718382.0,-2281618.0
Ismaïla Sarr,Crystal Palace,F,7,3,15.78947368,121,7,38.88888889,210,91,301,72.1822542,21,27.27272727,56,24,1,0,0,69,3,8,8,7,25,0,0,39,7,129,0,2,1.00322534,9.0906,12,0,17.94871795,0,7,8,0.0,66,47.48201439,1,0,3,2143758,116,8,17.0,1,21,1922.0,13,3,0,0,2,0,100.0,0,2,0,1,238,9,0,6.825,0,5,0,0,0,0,0,0,274.5714286,0.0,0,32,7,15,16,10.0,34.48275862,0,18,9,50.0,17,19,29,19,87,40.27777778,18,301,116,417,39,1,766,38,2,0,ismaïla sarr,Ismaïla Sarr,27.0,€20.00m,Crystal Palace,Senegal,20000000.0,16.811242881518265,729.0,21.355555555555554,0.32778340530433675,0.04682620075776239,0.4256782606085148,0.04697723117611444,17763157.89473684,0.0,0.0,0.0,0.0,0.0,0.0,0.0,0.0,0.0,0.0,0.0,19718382.0,-281618.0
Tyrick Mitchell,Crystal Palace,M,27,20,20.0,209,34,26.15384615,381,350,731,72.88135593,22,36.66666667,38,34,2,0,0,162,4,2,3,12,88,0,0,25,20,130,0,2,2.33286911,1.1494,23,0,7.142857143,0,1,3,0.0,127,57.99086758,0,0,1,2143798,272,31,28.0,0,33,2938.0,5,10,0,0,0,0,0.0,0,0,0,0,481,6,0,6.788235294,0,1,0,0,0,0,0,0,2938.0,0.0,0,10,4,6,5,15.0,35.71428571,0,88,55,62.5,28,70,42,100,149,53.40501792,130,554,449,1003,14,1,1829,24,5,0,tyrick mitchell,Tyrick Mitchell,25.0,€20.00m,Crystal Palace,England,20000000.0,16.811242881518265,625.0,32.644444444444446,0.030633074346573544,0.06126614869314709,0.035209655653951635,0.07146295288745486,17763157.89473684,0.0,0.0,0.0,0.0,0.0,0.0,1.0,0.0,0.0,0.0,0.0,18679426.0,-1320574.0
Will Hughes,Crystal Palace,M,19,11,27.5,158,22,43.1372549,312,201,513,81.17088608,17,42.5,23,29,0,0,0,61,1,1,7,2,26,0,0,14,13,73,0,1,1.68349154,1.0906,20,0,0.0,1,0,0,0.0,55,52.38095238,0,0,0,2143792,119,14,19.0,0,17,1427.0,0,5,0,0,0,1,0.0,0,0,0,0,179,0,0,6.764285714,0,0,0,0,0,0,0,0,0.0,0.0,0,10,7,10,0,10.0,66.66666667,0,25,14,56.0,19,46,15,40,72,49.65517241,51,398,234,632,17,0,876,21,7,0,will hughes,Will Hughes,30.0,€2.50m,Crystal Palace,England,2500000.0,14.731801689838349,900.0,15.855555555555556,0.0,0.0,0.06878341842671577,0.10617669449262435,17763157.89473684,1.0,0.0,0.0,0.0,0.0,0.0,0.0,0.0,0.0,0.0,0.0,2501455.5,1455.5
Jefferson Lerma,Crystal Palace,M,32,4,36.36363636,129,42,46.66666667,294,330,624,79.38931298,60,58.82352941,42,27,2,0,0,94,3,3,4,6,51,0,0,8,15,91,1,1,1.23946833,1.796,22,0,0.0,0,0,2,0.0,43,46.73913043,0,0,1,2143770,162,20,13.0,0,16,1524.0,0,3,2,1,0,0,0.0,0,0,0,1,230,5,0,6.746153846,0,0,0,0,0,0,0,0,0.0,0.0,0,11,7,7,7,3.0,42.85714286,0,20,13,65.0,12,62,7,11,103,53.09278351,90,412,374,786,18,0,1063,20,6,0,jefferson lerma,Jefferson Lerma,30.0,€5.00m,Crystal Palace,Colombia,5000000.0,15.424948670398354,900.0,16.933333333333334,0.0,0.11811016647037413,0.10606292949039597,0.07319690539552831,17763157.89473684,0.0,0.0,0.0,1.0,0.0,0.0,0.0,0.0,0.0,0.0,0.0,5212373.5,212373.5
Chadi Riad,Crystal Palace,D,4,0,0.0,29,15,46.875,102,165,267,87.54098361,12,54.54545455,10,7,1,0,0,18,1,1,0,0,18,0,0,3,6,23,0,1,0.10287784,0.1062,4,0,0.0,3,0,1,0.0,10,43.47826087,0,0,0,2609362,38,1,1.0,0,4,390.0,0,2,0,0,0,0,0.0,0,0,0,0,49,0,0,6.642857143,0,0,0,0,0,0,0,0,0.0,0.0,0,2,0,1,1,1.0,100.0,0,6,2,33.33333333,1,9,1,6,22,48.88888889,32,126,179,305,2,0,367,3,2,0,chadi riad,Chadi Riad,22.0,€10.00m,Crystal Palace,Morocco,10000000.0,16.118095750958314,484.0,4.333333333333333,0.0,0.23076869822608106,0.02450763575160981,0.02374098521311105,17763157.89473684,0.0,1.0,0.0,0.0,0.0,0.0,0.0,0.0,0.0,0.0,0.0,11794118.0,1794118.0
Brennan Johnson,Crystal Palace,F,10,16,27.11864407,87,9,23.07692308,141,85,226,66.47058824,14,53.84615385,12,31,1,0,0,49,1,2,7,2,28,0,0,10,13,69,0,1,1.11351179,2.4343,18,0,8.695652174,0,2,3,0.0,45,44.11764706,0,0,0,2136800,114,4,16.0,0,17,1552.0,12,1,0,0,0,0,0.0,0,0,0,0,219,10,0,6.625806452,0,2,0,0,0,0,0,0,776.0,0.0,1,15,8,11,5,9.0,33.33333333,0,25,16,64.0,16,26,27,59,59,46.09375,39,228,112,340,23,0,624,13,6,0,brennan johnson,Brennan Johnson,24.0,€38.00m,Tottenham Hotspur,Wales,38000000.0,17.453096744006448,576.0,17.244444444444444,0.11597931418725338,0.05798965709362669,0.14116422226301545,0.06457216687181046,29558823.529411763,0.0,0.0,0.0,0.0,0.0,0.0,0.0,0.0,1.0,0.0,0.0,34116544.0,-3883456.0
Eddie Nketiah,Crystal Palace,F,2,0,0.0,20,1,50.0,35,35,70,80.45977011,8,26.66666667,22,12,0,0,0,17,1,1,6,0,10,0,0,11,3,53,0,0,0.47610932,1.77,7,0,13.33333333,0,2,2,0.0,20,39.21568627,0,0,0,2290735,17,2,7.0,1,2,416.0,3,1,0,0,0,0,0.0,0,0,0,0,68,1,0,6.625,0,1,0,0,0,0,0,0,208.0,0.0,0,13,2,3,6,5.0,31.25,0,8,6,75.0,7,2,16,1,28,34.56790123,2,46,41,87,15,0,216,7,2,0,eddie nketiah,Eddie Nketiah,26.0,€12.00m,Crystal Palace,England,12000000.0,16.300417291085605,676.0,4.622222222222222,0.43269137158116733,0.0,0.3829318638493331,0.10300419734668845,17763157.89473684,0.0,0.0,1.0,0.0,0.0,0.0,0.0,0.0,0.0,0.0,0.0,22356772.0,10356772.0
Romain Esse,Crystal Palace,M,2,0,0.0,5,1,100.0,8,5,13,65.0,1,25.0,3,4,0,0,0,2,0,0,0,0,0,0,0,2,1,9,0,0,0.03989478,0.0,2,0,0.0,0,0,0,0.0,5,45.45454545,0,0,0,2168597,7,0,0.0,0,0,54.0,0,0,0,0,0,0,0.0,0,0,0,0,16,1,0,6.575,0,0,0,0,0,0,0,0,0.0,0.0,0,0,0,0,0,1.0,50.0,0,2,1,50.0,0,2,2,2,6,40.0,1,13,7,20,0,0,37,2,0,0,romain esse,Romain Esse,20.0,€8.00m,Crystal Palace,England,8000000.0,15.894952224644102,400.0,0.6,0.0,0.0,0.0,0.06649019183013617,17763157.89473684,0.0,0.0,0.0,0.0,0.0,0.0,0.0,0.0,1.0,0.0,0.0,7117468.5,-882531.5
Justin Devenny,Crystal Palace,M,5,0,0.0,55,8,30.76923077,99,66,165,72.36842105,6,23.07692308,20,20,0,0,0,32,0,4,4,1,11,0,0,11,18,69,0,0,0.35759292,2.6207,10,0,7.692307692,0,1,1,0.0,34,40.96385542,0,0,1,2143810,63,1,7.0,1,6,740.0,1,0,0,0,1,0,100.0,0,1,0,0,132,4,0,6.484210526,0,0,0,0,0,0,0,0,740.0,0.0,1,10,3,5,4,2.0,15.38461538,0,23,11,47.82608696,7,14,13,13,40,36.69724771,26,147,81,228,13,0,414,9,0,0,justin devenny,Justin Devenny,21.0,€1.50m,Crystal Palace,Northern Ireland,1500000.0,14.220976332738882,441.0,8.222222222222221,0.12162147370361308,0.0,0.3187333961350588,0.043490977916378216,17763157.89473684,1.0,0.0,0.0,0.0,0.0,0.0,0.0,0.0,0.0,0.0,0.0,2811445.8,1311445.75
Jørgen Strand Larsen,Crystal Palace,F,8,0,0.0,95,5,33.33333333,181,99,280,64.51612903,71,41.04046243,102,32,1,0,1,35,1,5,9,2,34,0,0,25,12,198,0,0,0.81002282,4.7649,48,0,10.52631579,0,4,5,0.0,36,27.27272727,1,0,2,2139143,154,4,10.0,0,23,2083.0,10,7,0,0,2,0,50.0,0,1,0,0,268,7,0,6.4,0,3,0,0,0,0,0,0,520.75,0.0,0,32,6,16,13,9.0,40.90909091,0,9,3,33.33333333,10,20,22,3,107,35.08196721,15,302,132,434,38,1,728,18,4,0,jørgen strand larsen,Jørgen Strand Larsen,25.0,€25.00m,Wolverhampton Wanderers,Norway,25000000.0,17.034386422832473,625.0,23.144444444444446,0.17282757775092655,0.04320689443773164,0.20587653130634748,0.0349985704758937,11346153.846153846,0.0,0.0,1.0,0.0,0.0,0.0,0.0,0.0,0.0,0.0,0.0,17151474.0,-7848526.0
Elliot Anderson,Nottingham Forest,M,75,45,26.78571429,546,115,55.82524272,1036,830,1866,85.36139067,65,59.09090909,45,35,2,0,0,283,6,1,18,7,45,0,0,57,39,229,0,3,3.68326347,2.7591,52,0,7.5,0,3,5,0.0,214,53.76884422,0,0,0,2143746,320,36,50.0,0,34,3089.0,2,14,0,1,1,1,100.0,0,1,0,0,615,24,0,7.28,0,3,0,0,0,0,0,0,1029.666667,0.0,2,16,24,13,9,46.0,54.76190476,0,97,60,61.8556701,49,155,84,168,279,54.92125984,206,1273,913,2186,40,2,3039,74,7,0,elliot anderson,Elliot Anderson,22.0,€27.00m,Nottingham Forest,England,27000000.0,17.11134746100564,484.0,34.32222222222222,0.08740690234178954,0.05827126822785969,0.08038812808374383,0.10731421680712361,23307692.307692308,1.0,0.0,0.0,0.0,0.0,0.0,0.0,0.0,0.0,0.0,0.0,31707874.0,4707874.0
Ibrahim Sangaré,Nottingham Forest,M,29,0,0.0,171,37,55.2238806,408,375,783,86.71096346,23,46.0,27,26,2,0,0,102,2,1,2,7,48,0,0,14,22,112,0,3,1.75417074,1.1464,39,0,12.5,1,2,4,0.0,85,50.0,0,0,1,2143708,120,20,12.0,0,24,1995.0,0,16,0,0,0,2,0.0,0,0,0,0,183,6,0,6.984,0,2,0,0,0,0,0,0,997.5,0.0,0,5,11,9,5,10.0,47.61904762,0,58,29,50.0,12,49,21,8,108,49.09090909,67,493,410,903,16,1,1219,18,5,0,ibrahim sangaré,Ibrahim Sangaré,27.0,€20.00m,Nottingham Forest,Cote d'Ivoire,20000000.0,16.811242881518265,729.0,22.166666666666668,0.09022552320653088,0.09022552320653088,0.051717269901983505,0.07913548640504373,23307692.307692308,0.0,0.0,0.0,1.0,0.0,0.0,0.0,0.0,0.0,0.0,0.0,33951984.0,13951984.0
Murillo,Nottingham Forest,D,69,0,0.0,130,82,48.80952381,335,611,946,83.56890459,24,52.17391304,22,25,0,0,0,102,1,0,5,6,130,0,0,9,6,64,0,2,0.48197547,0.7396,23,0,9.090909091,28,1,1,0.0,50,54.34782609,0,0,0,2143726,186,34,8.0,1,25,2133.0,0,24,2,0,0,0,0.0,0,0,0,0,223,3,0,6.968,0,0,0,0,0,0,0,0,2133.0,0.0,2,5,6,2,4,9.0,64.28571429,0,35,22,62.85714286,8,133,14,3,74,53.62318841,168,466,666,1132,11,1,1483,7,5,0,murillo,Murillo,23.0,€55.00m,Nottingham Forest,Brazil,55000000.0,17.822843761378564,529.0,23.7,0.04219407502359704,0.0,0.03120673788745237,0.020336509140713444,23307692.307692308,0.0,1.0,0.0,0.0,0.0,0.0,0.0,0.0,0.0,0.0,0.0,35666510.0,-19333488.0
Morato,Nottingham Forest,D,27,0,0.0,46,37,45.12195122,177,368,545,85.42319749,20,62.5,12,18,0,0,0,48,0,2,0,2,69,0,0,0,4,28,1,2,0.08834185,0.8298,12,0,0.0,14,0,0,0.0,37,69.81132075,0,0,0,2260080,93,8,1.0,0,11,1096.0,1,9,0,0,0,0,0.0,0,0,0,0,105,0,0,6.925,0,0,0,0,0,0,0,0,0.0,0.0,0,3,1,3,1,4.0,100.0,0,26,15,57.69230769,1,58,4,1,57,67.05882353,82,231,407,638,4,0,821,7,5,0,morato,Morato,24.0,€9.00m,Nottingham Forest,Brazil,9000000.0,16.012735246411598,576.0,12.177777777777777,0.0,0.0,0.06814045499415193,0.007254343039316847,23307692.307692308,0.0,1.0,0.0,0.0,0.0,0.0,0.0,0.0,0.0,0.0,0.0,11176418.0,2176418.0
Neco Williams,Nottingham Forest,D,25,25,20.32520325,293,44,33.58778626,499,494,993,82.5436409,37,50.0,37,34,3,0,0,147,5,2,16,9,79,0,1,27,34,156,1,2,3.83179923,1.8687,28,0,4.761904762,0,2,5,0.0,163,57.80141844,0,0,0,2143744,210,41,35.0,0,33,2936.0,4,14,0,1,0,1,0.0,0,0,0,0,486,10,0,6.911764706,1,2,0,0,0,0,0,0,1468.0,0.0,2,15,27,8,18,28.0,45.16129032,0,88,57,64.77272727,34,75,62,123,200,56.17977528,131,646,557,1203,42,2,2163,49,6,0,neco williams,Neco Williams,24.0,€16.00m,Nottingham Forest,Wales,16000000.0,16.588099342704055,576.0,32.62222222222222,0.061307883114068526,0.09196182467110278,0.05728302058762993,0.11745974965470889,23307692.307692308,0.0,0.0,0.0,0.0,0.0,0.0,0.0,0.0,0.0,1.0,0.0,23410710.0,7410710.0
Ola Aina,Nottingham Forest,D,23,7,18.42105263,133,36,53.73134328,279,254,533,84.73767886,25,64.1025641,14,18,0,0,0,81,0,0,3,6,71,0,0,15,13,73,0,2,0.82488407,0.4028,13,0,0.0,0,0,0,0.0,60,50.42016807,0,0,1,2143710,96,25,10.0,0,18,1590.0,0,3,0,1,0,0,0.0,0,0,0,0,229,3,0,6.888888889,0,0,0,0,0,0,0,0,0.0,0.0,0,4,8,8,1,15.0,44.11764706,0,31,21,67.74193548,9,50,34,38,85,53.79746835,67,344,285,629,12,0,1093,15,3,0,ola aina,Ola Aina,28.0,€20.00m,Nottingham Forest,Nigeria,20000000.0,16.811242881518265,784.0,17.666666666666668,0.0,0.0,0.022799987094346927,0.04669152470291054,23307692.307692308,0.0,0.0,0.0,0.0,0.0,0.0,0.0,0.0,0.0,1.0,0.0,18607346.0,-1392654.0
Morgan Gibbs-White,Nottingham Forest,M,41,9,23.07692308,417,40,57.14285714,663,262,925,81.21158911,41,35.04273504,76,35,4,0,0,103,5,7,21,7,32,0,0,36,21,183,1,3,2.84290561,9.4618,25,0,17.33333333,0,13,17,0.0,81,43.08510638,3,0,0,2143712,214,11,46.0,1,33,2930.0,5,2,0,0,1,0,100.0,0,1,0,1,408,18,0,6.882857143,0,9,0,0,0,0,0,0,225.3846154,0.0,4,48,27,26,28,25.0,48.07692308,0,19,14,73.68421053,46,71,52,39,122,40.0,70,838,301,1139,75,1,1639,39,1,0,morgan gibbs-white,Morgan Gibbs-White,25.0,€50.00m,Nottingham Forest,England,50000000.0,17.72753358339242,625.0,32.55555555555556,0.3993172834861586,0.12286685645727957,0.29063540560687195,0.0873247188763662,23307692.307692308,0.0,0.0,0.0,0.0,0.0,0.0,0.0,0.0,0.0,0.0,0.0,44087480.0,-5912520.0
Nikola Milenković,Nottingham Forest,D,40,0,0.0,115,76,42.69662921,363,846,1209,87.04103672,83,68.59504132,38,35,0,0,0,95,1,2,2,9,204,0,0,2,10,67,1,1,0.49760445,0.8229,18,0,0.0,4,0,0,0.0,48,62.33766234,0,0,0,2143696,180,29,1.0,0,34,3105.0,1,30,1,0,0,0,0.0,0,0,0,0,195,0,0,6.814285714,0,0,0,0,0,0,0,0,0.0,0.0,0,12,3,12,1,1.0,100.0,0,28,16,57.14285714,1,85,1,2,131,66.16161616,178,492,897,1389,15,2,1794,19,6,0,nikola milenković,Nikola Milenković,27.0,€30.00m,Nottingham Forest,Serbia,30000000.0,17.216707972959764,729.0,34.5,0.0,0.0,0.02385216699937188,0.01442331321063385,23307692.307692308,0.0,1.0,0.0,0.0,0.0,0.0,0.0,0.0,0.0,0.0,0.0,23092072.0,-6907928.0
Oleksandr Zinchenko,Nottingham Forest,D,10,1,5.555555556,80,8,53.33333333,149,82,231,90.58823529,4,40.0,6,5,0,0,0,17,1,0,2,0,11,0,0,1,9,18,0,0,0.36348077,0.0763,1,0,0.0,0,0,0,0.0,12,50.0,0,0,0,2290693,24,2,5.0,0,4,353.0,1,1,0,0,0,0,0.0,0,0,0,0,48,0,0,6.74,0,0,0,0,0,0,0,0,0.0,0.0,1,0,4,0,2,1.0,50.0,0,10,6,60.0,5,17,2,18,16,47.05882353,15,167,88,255,4,0,359,2,0,0,oleksandr zinchenko,Oleksandr Zinchenko,28.0,€17.00m,Arsenal FC,Ukraine,17000000.0,16.648723960844016,784.0,3.922222222222222,0.0,0.0,0.019453208192953618,0.09267191471749789,51833333.333333336,0.0,0.0,0.0,0.0,0.0,0.0,1.0,0.0,0.0,0.0,0.0,25491166.0,8491166.0
Taiwo Awoniyi,Nottingham Forest,F,1,0,0.0,14,0,0.0,25,15,40,76.92307692,8,19.51219512,33,14,1,0,0,13,2,2,1,0,4,0,0,4,4,50,0,0,0.40075519,3.0777,7,0,33.33333333,0,4,5,0.0,7,29.16666667,1,0,0,2375243,12,1,4.0,1,2,381.0,4,1,0,0,0,0,0.0,0,0,0,1,46,3,0,6.664285714,0,2,0,0,0,0,0,0,95.25,0.0,0,11,1,4,7,2.0,50.0,0,1,1,100.0,4,4,4,1,15,23.07692308,0,36,16,52,12,1,122,4,1,0,taiwo awoniyi,Taiwo Awoniyi,27.0,€10.00m,Nottingham Forest,Nigeria,10000000.0,16.118095750958314,729.0,4.233333333333333,0.944879657764588,0.236219914441147,0.7270140306755182,0.0946663566936456,23307692.307692308,0.0,0.0,1.0,0.0,0.0,0.0,0.0,0.0,0.0,0.0,0.0,10156699.0,156699.0
Chris Wood,Nottingham Forest,F,2,0,0.0,31,1,50.0,53,30,83,70.33898305,21,42.85714286,28,12,0,0,0,10,0,3,0,0,8,0,0,2,4,40,0,1,0.15921277,3.6034,5,0,15.0,0,3,3,0.0,7,36.84210526,0,0,1,2143750,35,1,4.0,2,9,757.0,4,4,0,0,0,0,0.0,0,0,0,0,57,3,0,6.658333333,0,1,0,0,0,0,0,0,252.3333333,0.0,0,19,1,12,8,1.0,50.0,0,1,1,100.0,4,7,2,1,28,41.17647059,2,81,37,118,20,2,189,5,0,0,chris wood,Chris Wood,33.0,€6.00m,Nottingham Forest,New Zealand,6000000.0,15.607270193858982,1089.0,8.411111111111111,0.3566706459662069,0.0,0.42840900189154335,0.018928840507323044,23307692.307692308,0.0,0.0,1.0,0.0,0.0,0.0,0.0,0.0,0.0,0.0,0.0,5525878.0,-474122.0
Jota Silva,Nottingham Forest,F,0,0,0.0,1,0,0.0,2,0,2,100.0,0,0.0,1,1,0,0,0,0,0,0,0,0,1,0,0,0,0,1,0,0,0.00125608,0.0,0,0,0.0,0,0,0,0.0,3,100.0,0,0,0,2143728,0,0,0.0,0,0,11.0,0,0,0,0,0,0,0.0,0,0,0,0,2,0,0,6.6,0,0,0,0,0,0,0,0,0.0,0.0,0,0,0,0,0,0.0,0.0,0,2,1,50.0,0,0,0,1,3,75.0,0,2,0,2,0,0,8,1,0,0,jota silva,Jota Silva,25.0,€10.00m,Nottingham Forest,Portugal,10000000.0,16.118095750958314,625.0,0.12222222222222222,0.0,0.0,0.0,0.010276177403666972,23307692.307692308,0.0,0.0,0.0,0.0,0.0,0.0,0.0,0.0,1.0,0.0,0.0,11741820.0,1741820.0
Igor Jesus,Nottingham Forest,F,11,3,33.33333333,98,9,81.81818182,197,79,276,72.63157895,80,39.408867,123,34,4,0,0,50,5,3,27,1,28,0,0,38,6,221,0,1,1.22831364,6.1563,38,0,9.677419355,0,6,10,0.0,65,39.87730061,2,0,2,2143714,104,3,13.0,0,25,2063.0,11,4,0,0,1,0,100.0,0,1,0,0,262,16,0,6.585294118,0,4,0,0,0,0,0,0,343.8333333,0.0,0,55,7,18,17,9.0,28.125,0,21,14,66.66666667,13,17,32,9,145,39.61748634,11,286,94,380,62,0,765,36,1,0,igor jesus,Igor Jesus,24.0,€10.00m,Nottingham Forest,Brazil,10000000.0,16.118095750958314,576.0,22.92222222222222,0.2617546119344883,0.1745030746229922,0.26857331957538166,0.05358612669533979,23307692.307692308,0.0,0.0,1.0,0.0,0.0,0.0,0.0,0.0,0.0,0.0,0.0,17479684.0,7479684.0
James McAtee,Nottingham Forest,M,4,0,0.0,30,2,50.0,62,26,88,88.0,1,16.66666667,5,11,0,0,0,12,0,0,2,0,3,0,0,9,3,25,0,0,0.25620547,0.125,4,0,0.0,0,0,0,0.0,13,39.39393939,0,0,0,2168613,12,3,4.0,0,2,279.0,1,1,0,0,0,0,0.0,0,0,0,0,39,2,0,6.5,0,0,0,0,0,0,0,0,0.0,0.0,0,2,1,1,0,3.0,42.85714286,0,5,3,60.0,4,4,7,8,14,35.8974359,4,70,30,100,3,0,164,5,1,0,james mcatee,James McAtee,22.0,€15.00m,Manchester City,England,15000000.0,16.52356082573315,484.0,3.1,0.0,0.0,0.04032245057274009,0.08264665920432514,48300000.0,0.0,0.0,0.0,0.0,0.0,0.0,0.0,0.0,0.0,0.0,0.0,11490952.0,-3509048.0
Cristian Romero,Tottenham Hotspur,D,37,0,0.0,104,47,48.95833333,316,669,985,87.32269504,73,71.56862745,29,23,1,0,0,88,4,1,2,4,94,0,1,6,11,79,1,2,1.25647725,1.3103,32,0,23.52941176,16,4,5,0.0,82,62.12121212,3,0,0,2136808,143,30,12.0,0,22,1872.0,1,14,0,1,0,0,0.0,0,0,0,0,170,2,0,7.108695652,2,1,0,0,0,0,0,0,468.0,0.0,0,16,1,9,6,8.0,80.0,0,58,29,50.0,11,64,10,1,155,66.23931624,96,412,716,1128,17,4,1446,16,9,1,cristian romero,Cristian Romero,27.0,€50.00m,Tottenham Hotspur,Argentina,50000000.0,17.72753358339242,729.0,20.8,0.19230759985211546,0.048076899963028864,0.06299516202155672,0.060407531054071616,29558823.529411763,0.0,1.0,0.0,0.0,0.0,0.0,0.0,0.0,0.0,0.0,0.0,45136860.0,-4863140.0
Ben Davies,Tottenham Hotspur,D,4,2,66.66666667,13,5,62.5,26,30,56,86.15384615,4,57.14285714,3,3,0,0,0,5,0,0,0,0,8,0,0,1,0,6,0,0,0.08703464,0.4917,2,0,50.0,0,1,1,0.0,5,62.5,0,0,0,2534964,9,1,1.0,1,2,138.0,0,1,0,0,0,0,0.0,0,0,0,0,16,0,0,6.9,0,0,0,0,0,0,0,0,138.0,0.0,0,2,0,0,2,0.0,0.0,0,5,4,80.0,1,4,0,3,9,60.0,8,31,34,65,2,0,105,0,1,0,ben davies,Ben Davies,32.0,€1.50m,Tottenham Hotspur,Wales,1500000.0,14.220976332738882,1024.0,1.5333333333333334,0.6521696597630884,0.0,0.3206718217055106,0.056761351556402884,29558823.529411763,0.0,1.0,0.0,0.0,0.0,0.0,0.0,0.0,0.0,0.0,0.0,1681128.0,181128.0
Pedro Porro,Tottenham Hotspur,D,109,49,23.00469484,339,122,44.68864469,558,427,985,74.06015038,19,46.34146341,22,31,2,0,0,121,6,0,7,8,96,0,0,7,37,114,0,5,3.4749821,0.9125,28,0,3.571428571,0,1,3,0.0,105,53.29949239,1,0,0,2136788,345,26,46.0,0,29,2528.0,1,9,0,2,0,0,0.0,0,0,0,0,600,9,0,6.883870968,0,0,0,0,0,0,0,0,2528.0,0.0,5,12,16,14,7,15.0,42.85714286,0,66,43,65.15151515,44,227,35,213,124,52.10084034,273,799,531,1330,28,0,2193,24,8,0,pedro porro,Pedro Porro,25.0,€35.00m,Tottenham Hotspur,Spain,35000000.0,17.370858648025116,625.0,28.08888888888889,0.03560125314828804,0.07120250629657608,0.032486143497812835,0.12371371742786959,29558823.529411763,0.0,0.0,0.0,0.0,0.0,0.0,0.0,0.0,0.0,1.0,0.0,30055762.0,-4944238.0
Mohammed Kudus,Tottenham Hotspur,M,17,28,22.95081967,178,19,70.37037037,266,114,380,85.58558559,11,37.93103448,18,19,5,0,0,95,3,3,10,2,6,0,0,54,12,156,0,1,2.4015259,1.9301,23,0,7.692307692,0,2,7,0.0,96,41.02564103,0,0,1,2136802,64,3,25.0,2,19,1545.0,10,0,0,2,0,0,0.0,0,0,0,0,331,12,0,6.863157895,0,0,0,0,0,0,0,0,772.5,0.0,2,16,10,7,9,52.0,50.98039216,0,29,19,65.51724138,23,25,102,122,107,40.68441065,27,313,131,444,26,1,931,15,3,0,mohammed kudus,Mohammed Kudus,24.0,€40.00m,West Ham United,Ghana,40000000.0,17.50439003707821,576.0,17.166666666666668,0.11650478650206611,0.29126196625516526,0.1124329442138189,0.13989463112934108,16416666.666666666,0.0,0.0,0.0,0.0,0.0,0.0,0.0,0.0,1.0,0.0,0.0,31859492.0,-8140508.0
Richarlison,Tottenham Hotspur,F,7,0,0.0,87,10,66.66666667,122,46,168,62.4535316,55,38.19444444,89,29,4,0,0,54,4,6,13,3,46,0,0,27,11,166,0,1,1.25857796,6.9719,21,0,19.23076923,0,10,14,0.0,62,44.60431655,3,0,1,2136818,101,5,17.0,1,17,1704.0,8,2,0,0,0,0,0.0,0,0,0,0,228,11,0,6.855172414,0,6,0,0,0,0,0,0,170.4,0.0,0,47,5,16,23,9.0,33.33333333,0,25,15,60.0,17,13,27,16,117,41.34275618,15,197,72,269,52,2,634,30,5,0,richarlison,Richarlison,28.0,€16.00m,Tottenham Hotspur,Brazil,16000000.0,16.588099342704055,784.0,18.933333333333334,0.5281687351221469,0.21126749404885878,0.3682339604398096,0.0664741529185812,29558823.529411763,0.0,0.0,1.0,0.0,0.0,0.0,0.0,0.0,0.0,0.0,0.0,19269874.0,3269874.0
Dominic Solanke,Tottenham Hotspur,F,3,0,0.0,55,2,33.33333333,75,42,117,74.05063291,20,32.78688525,41,15,0,0,0,34,1,3,6,0,11,0,0,13,5,83,0,1,0.35023786,2.4299,12,0,15.0,0,3,3,0.0,44,51.1627907,0,0,0,2136804,41,3,6.0,1,11,1000.0,3,2,0,0,0,0,0.0,0,0,0,0,111,7,0,6.82,0,2,0,0,0,0,0,0,333.3333333,0.0,0,19,1,3,11,13.0,50.0,0,22,16,72.72727273,6,5,26,2,64,43.53741497,6,107,51,158,20,1,341,9,1,0,dominic solanke,Dominic Solanke,27.0,€35.00m,Tottenham Hotspur,England,35000000.0,17.370858648025116,729.0,11.11111111111111,0.2699997570002187,0.0,0.21869080317827716,0.03152137903075888,29558823.529411763,0.0,0.0,1.0,0.0,0.0,0.0,0.0,0.0,0.0,0.0,0.0,30897660.0,-4102340.0
Dominic Solanke,Tottenham Hotspur,F,3,0,0.0,55,2,33.33333333,75,42,117,74.05063291,20,32.78688525,41,15,0,0,0,34,1,3,6,0,11,0,0,13,5,83,0,1,0.35023786,2.4299,12,0,15.0,0,3,3,0.0,44,51.1627907,0,0,0,2136804,41,3,6.0,1,11,1000.0,3,2,0,0,0,0,0.0,0,0,0,0,111,7,0,6.82,0,2,0,0,0,0,0,0,333.3333333,0.0,0,19,1,3,11,13.0,50.0,0,22,16,72.72727273,6,5,26,2,64,43.53741497,6,107,51,158,20,1,341,9,1,0,dominic solanke,Dominic Solanke,27.0,€35.00m,Tottenham Hotspur,England,35000000.0,17.370858648025116,729.0,11.11111111111111,0.2699997570002187,0.0,0.21869080317827716,0.03152137903075888,29558823.529411763,0.0,0.0,1.0,0.0,0.0,0.0,0.0,0.0,0.0,0.0,0.0,30897660.0,-4102340.0
Pape Matar Sarr,Tottenham Hotspur,M,13,1,14.28571429,149,20,60.60606061,287,240,527,85.0,27,41.53846154,38,24,3,0,0,76,2,1,7,3,46,0,0,17,10,98,0,2,1.06996275,1.5385,27,0,12.5,0,2,5,0.0,58,49.15254237,2,0,0,2136814,93,17,8.0,0,13,1360.0,3,10,0,0,0,0,0.0,0,0,0,0,147,5,0,6.817391304,0,0,0,0,0,0,0,0,680.0,0.0,0,8,8,3,6,12.0,60.0,0,33,21,63.63636364,8,23,20,7,85,46.44808743,33,349,271,620,16,1,885,13,2,0,pape matar sarr,Pape Matar Sarr,22.0,€28.00m,Tottenham Hotspur,Senegal,28000000.0,17.147715103853763,484.0,15.11111111111111,0.13235285359002336,0.19852928038503506,0.10181243262412547,0.07080631159876438,29558823.529411763,1.0,0.0,0.0,0.0,0.0,0.0,0.0,0.0,0.0,0.0,0.0,27588768.0,-411232.0
Micky van de Ven,Tottenham Hotspur,D,23,0,0.0,105,65,44.52054795,402,1040,1442,89.7882939,42,46.66666667,48,32,1,0,0,109,1,1,3,7,121,0,1,5,9,88,1,1,0.35934077,2.4957,23,0,26.66666667,108,4,5,0.0,65,61.9047619,2,0,0,2136806,164,21,6.0,1,32,2773.0,2,21,0,0,0,1,0.0,0,0,0,0,197,0,0,6.740625,1,1,0,0,0,0,0,0,693.25,0.0,0,13,2,6,6,9.0,69.23076923,0,37,18,48.64864865,6,58,13,3,107,54.87179487,146,500,1106,1606,15,2,1955,19,8,0,micky van de ven,Micky van de Ven,24.0,€50.00m,Tottenham Hotspur,Netherlands,50000000.0,17.72753358339242,576.0,30.81111111111111,0.12982325393403227,0.03245581348350807,0.08099997371079108,0.01166269700814017,29558823.529411763,0.0,1.0,0.0,0.0,0.0,0.0,0.0,0.0,0.0,0.0,0.0,38245612.0,-11754388.0
Rodrigo Bentancur,Tottenham Hotspur,M,10,1,14.28571429,136,17,43.58974359,347,404,751,85.53530752,28,41.79104478,39,23,1,0,0,113,1,1,3,5,45,0,0,7,8,81,0,1,0.79071866,0.527,17,0,9.090909091,0,1,2,0.0,66,61.11111111,0,0,0,2136810,127,29,9.0,0,20,1639.0,1,7,0,0,0,1,0.0,0,0,0,0,175,5,0,6.72173913,0,1,0,0,0,0,0,0,1639.0,0.0,0,5,6,5,3,16.0,61.53846154,0,46,29,63.04347826,9,25,26,7,94,53.71428571,39,433,445,878,11,0,1151,4,7,0,rodrigo bentancur,Rodrigo Bentancur,28.0,€25.00m,Tottenham Hotspur,Uruguay,25000000.0,17.034386422832473,784.0,18.211111111111112,0.05491150126885226,0.05491150126885226,0.02893836116868514,0.04341954870189516,29558823.529411763,0.0,0.0,0.0,1.0,0.0,0.0,0.0,0.0,0.0,0.0,0.0,28045096.0,3045096.0
Mathys Tel,Tottenham Hotspur,F,8,22,28.94736842,86,11,52.38095238,138,77,215,77.0609319,13,29.54545455,31,28,1,0,0,63,3,3,8,0,10,0,0,32,9,123,1,0,1.94032096,2.1059,15,0,10.34482759,0,3,4,0.0,73,44.24242424,0,0,1,2136780,64,4,24.0,0,10,1110.0,3,1,0,0,0,0,0.0,0,0,0,0,237,8,0,6.7,0,3,0,0,0,0,0,0,370.0,0.0,0,19,10,14,7,36.0,49.31506849,0,18,10,55.55555556,24,16,73,76,86,41.14832536,21,189,90,279,29,0,639,19,1,0,mathys tel,Mathys Tel,20.0,€30.00m,Tottenham Hotspur,France,30000000.0,17.216707972959764,400.0,12.333333333333334,0.24324304601915187,0.08108101533971729,0.17074851020391066,0.157323193521735,29558823.529411763,0.0,0.0,1.0,0.0,0.0,0.0,0.0,0.0,0.0,0.0,0.0,25343738.0,-4656262.0
Lucas Bergvall,Tottenham Hotspur,M,10,3,15.78947368,84,10,55.55555556,139,105,244,82.15488215,4,22.22222222,14,22,3,0,0,39,0,1,1,0,13,0,0,7,9,63,1,0,0.43007332,1.3424,24,0,9.090909091,0,1,4,0.0,43,46.73913043,1,0,0,2136824,53,2,5.0,0,11,970.0,3,2,0,0,0,0,0.0,0,0,0,0,128,4,0,6.61,0,0,0,0,0,0,0,0,970.0,0.0,0,9,2,5,5,14.0,60.86956522,0,22,14,63.63636364,5,16,23,19,47,42.72727273,18,182,115,297,11,1,483,7,2,0,lucas bergvall,Lucas Bergvall,19.0,€35.00m,Tottenham Hotspur,Sweden,35000000.0,17.370858648025116,361.0,10.777777777777779,0.09278341906693076,0.27835025720079226,0.12455246175544786,0.03990367307906621,29558823.529411763,1.0,0.0,0.0,0.0,0.0,0.0,0.0,0.0,0.0,0.0,0.0,25396580.0,-9603420.0
Wilson Odobert,Tottenham Hotspur,F,5,8,28.57142857,137,6,66.66666667,220,56,276,84.92307692,5,29.41176471,12,24,2,0,0,54,2,4,4,0,13,0,0,21,3,55,0,1,1.22273443,1.9016,2,0,0.0,0,0,2,0.0,44,50.57471264,0,0,1,2136794,49,1,20.0,0,10,990.0,2,0,0,0,0,0,0.0,0,0,0,0,141,7,0,6.604166667,0,0,0,0,0,0,0,0,0.0,0.0,0,14,8,10,8,24.0,58.53658537,0,10,9,90.0,20,8,41,28,49,47.11538462,9,254,71,325,22,0,539,10,0,0,wilson odobert,Wilson Odobert,20.0,€16.00m,Tottenham Hotspur,France,16000000.0,16.588099342704055,400.0,11.0,0.0,0.1818180165290759,0.17287257011584536,0.1111575744022051,29558823.529411763,0.0,0.0,0.0,0.0,0.0,0.0,0.0,0.0,1.0,0.0,0.0,26035316.0,10035316.0
Archie Gray,Tottenham Hotspur,M,24,4,33.33333333,108,21,40.38461538,225,221,446,83.05400372,9,36.0,16,23,2,0,0,57,3,0,3,2,43,0,0,17,1,54,1,0,1.17637384,1.4754,12,0,18.18181818,0,2,4,0.0,20,34.48275862,1,0,0,2136792,91,17,8.0,0,18,1492.0,0,4,0,0,0,0,0.0,0,0,0,0,149,2,0,6.595454545,0,1,0,0,0,0,0,0,746.0,0.0,0,8,3,3,5,7.0,46.66666667,0,11,8,72.72727273,8,52,15,12,29,34.93975904,52,287,250,537,11,0,761,2,5,0,archie gray,Archie Gray,19.0,€32.00m,Tottenham Hotspur,England,32000000.0,17.281246492014,361.0,16.57777777777778,0.12064335886124465,0.12064335886124465,0.08899860583194018,0.07096084566705019,29558823.529411763,0.0,0.0,0.0,1.0,0.0,0.0,0.0,0.0,0.0,0.0,0.0,18411306.0,-13588694.0
Yves Bissouma,Tottenham Hotspur,M,2,0,0.0,44,1,14.28571429,141,137,278,87.97468354,5,62.5,3,11,0,0,0,31,0,0,1,0,14,0,0,4,2,19,1,0,0.12033452,0.3554,8,0,0.0,0,0,0,0.0,27,62.79069767,0,0,0,2597019,38,9,0.0,0,7,605.0,0,3,0,0,0,0,0.0,0,0,0,0,51,0,0,6.590909091,0,0,0,0,0,0,0,0,0.0,0.0,0,1,4,2,2,3.0,60.0,0,18,11,61.11111111,0,10,5,1,32,62.74509804,7,170,146,316,5,0,408,6,4,0,yves bissouma,Yves Bissouma,28.0,€22.00m,Tottenham Hotspur,Mali,22000000.0,16.906553056777135,784.0,6.722222222222222,0.0,0.0,0.052869342838994124,0.017900976345655024,29558823.529411763,0.0,0.0,0.0,1.0,0.0,0.0,0.0,0.0,0.0,0.0,0.0,19564932.0,-2435068.0
Djed Spence,Tottenham Hotspur,D,20,10,21.27659574,198,33,41.25,370,314,684,81.62291169,21,46.66666667,24,27,0,0,0,104,4,2,3,7,52,0,0,26,10,124,2,4,1.76364664,0.8803,25,0,0.0,0,0,0,0.0,90,47.36842105,0,0,0,2136812,154,17,10.0,0,22,1946.0,4,3,0,0,0,0,0.0,0,0,0,0,337,7,0,6.580769231,0,0,0,0,0,0,0,0,0.0,0.0,0,6,6,2,7,30.0,42.25352113,0,42,26,61.9047619,10,52,71,47,111,47.23404255,80,472,366,838,12,0,1409,18,4,0,djed spence,Djed Spence,24.0,€16.00m,Tottenham Hotspur,England,16000000.0,16.588099342704055,576.0,21.622222222222224,0.0,0.0,0.040712725261329526,0.08156635364351578,29558823.529411763,0.0,0.0,0.0,0.0,0.0,0.0,1.0,0.0,0.0,0.0,0.0,21133160.0,5133160.0
Destiny Udogie,Tottenham Hotspur,D,10,5,22.72727273,130,4,22.22222222,241,181,422,85.59837728,7,36.84210526,12,17,1,0,0,59,2,0,1,0,20,0,0,12,10,59,0,1,0.7232117,0.167,14,0,0.0,0,0,1,0.0,47,50.0,0,0,0,2190409,71,6,12.0,0,11,1098.0,3,4,0,0,0,0,0.0,0,0,0,0,142,1,0,6.529411765,0,0,0,0,0,0,0,0,0.0,0.0,0,3,0,1,1,5.0,31.25,0,24,15,62.5,12,16,16,22,54,47.78761062,18,285,208,493,3,0,756,19,3,0,destiny udogie,Destiny Udogie,22.0,€38.00m,Tottenham Hotspur,Italy,38000000.0,17.453096744006448,484.0,12.2,0.0,0.08196714592856892,0.01368851337007101,0.059279598951148406,29558823.529411763,0.0,0.0,0.0,0.0,0.0,0.0,1.0,0.0,0.0,0.0,0.0,23011172.0,-14988828.0
Jarrod Bowen,West Ham United,M,12,25,18.65671642,232,14,34.14634146,392,149,541,73.50543478,30,36.14457831,53,35,10,0,0,147,14,5,27,6,37,0,0,71,24,225,0,0,4.97570077,6.7669,19,0,10.81081081,0,8,18,0.0,144,45.56962025,1,0,2,2137062,195,27,42.0,6,35,3135.0,17,6,0,0,1,0,100.0,0,1,0,0,532,23,0,7.0,0,1,0,0,0,0,0,0,391.875,0.0,1,54,20,22,25,52.0,46.42857143,0,46,27,58.69565217,42,40,112,134,174,43.60902256,41,550,186,736,74,1,1502,46,5,0,jarrod bowen,Jarrod Bowen,28.0,€35.00m,West Ham United,England,35000000.0,17.370858648025116,784.0,34.833333333333336,0.22966500583779734,0.28708125729724665,0.19426501600047383,0.14284304329864786,16416666.666666666,0.0,0.0,0.0,0.0,0.0,0.0,0.0,0.0,1.0,0.0,0.0,19029724.0,-15970276.0
Crysencio Summerville,West Ham United,M,8,12,23.07692308,173,8,57.14285714,297,173,470,82.89241623,7,33.33333333,14,28,1,0,0,108,3,7,19,4,30,0,0,31,13,150,0,1,2.84096043,5.0168,47,0,9.803921569,0,5,6,0.0,136,50.0,1,0,1,2196314,97,15,25.0,1,26,2210.0,6,3,0,0,0,0,0.0,0,0,0,1,296,13,0,6.982142857,0,3,0,0,0,0,0,0,442.0,0.0,0,38,13,17,15,39.0,44.82758621,0,38,21,55.26315789,25,15,87,52,143,48.80546075,14,369,198,567,51,3,1079,59,5,0,crysencio summerville,Crysencio Summerville,23.0,€18.00m,West Ham United,Netherlands,18000000.0,16.705882371415992,529.0,24.555555555555557,0.20361982658016112,0.04072396531603222,0.20430398919747045,0.11569517401553998,16416666.666666666,0.0,0.0,0.0,0.0,0.0,1.0,0.0,0.0,0.0,0.0,0.0,19153350.0,1153350.0
Crysencio Summerville,West Ham United,M,8,12,23.07692308,173,8,57.14285714,297,173,470,82.89241623,7,33.33333333,14,28,1,0,0,108,3,7,19,4,30,0,0,31,13,150,0,1,2.84096043,5.0168,47,0,9.803921569,0,5,6,0.0,136,50.0,1,0,1,2196314,97,15,25.0,1,26,2210.0,6,3,0,0,0,0,0.0,0,0,0,1,296,13,0,6.982142857,0,3,0,0,0,0,0,0,442.0,0.0,0,38,13,17,15,39.0,44.82758621,0,38,21,55.26315789,25,15,87,52,143,48.80546075,14,369,198,567,51,3,1079,59,5,0,crysencio summerville,Crysencio Summerville,23.0,€18.00m,West Ham United,Netherlands,18000000.0,16.705882371415992,529.0,24.555555555555557,0.20361982658016112,0.04072396531603222,0.20430398919747045,0.11569517401553998,16416666.666666666,0.0,0.0,0.0,0.0,0.0,1.0,0.0,0.0,0.0,0.0,0.0,19153350.0,1153350.0
Konstantinos Mavropanos,West Ham United,D,49,1,33.33333333,84,78,43.82022472,310,562,872,82.41965974,70,65.42056075,37,28,0,0,0,90,0,3,3,5,173,0,0,2,11,60,0,2,0.60385238,2.5062,10,0,14.28571429,0,3,3,0.0,43,65.15151515,2,0,0,2196316,186,43,3.0,0,24,2265.0,2,23,2,0,0,0,0.0,0,0,0,0,207,1,0,6.953571429,0,1,0,0,0,0,0,0,755.0,0.0,0,20,1,10,8,1.0,100.0,0,35,21,60.0,3,117,1,3,113,65.31791908,178,447,611,1058,21,3,1435,8,2,0,konstantinos mavropanos,Konstantinos Mavropanos,27.0,€10.00m,West Ham United,Greece,10000000.0,16.118095750958314,729.0,25.166666666666668,0.11920525064692027,0.0,0.0995840663904372,0.023994124770546448,16416666.666666666,0.0,1.0,0.0,0.0,0.0,0.0,0.0,0.0,0.0,0.0,0.0,11595045.0,1595045.0
Lucas Paquetá,West Ham United,M,27,7,20.0,203,25,51.02040816,387,221,608,77.05956907,38,42.69662921,51,18,1,0,0,76,6,1,6,1,17,0,0,27,12,142,0,1,2.10642454,2.8158,28,0,17.39130435,0,4,5,0.0,85,48.29545455,0,0,0,2137054,181,8,23.0,4,18,1521.0,5,6,0,0,2,1,100.0,0,2,0,0,314,9,0,6.905555556,1,0,0,0,0,0,0,0,380.25,0.0,2,8,15,6,11,16.0,38.0952381,0,39,22,56.41025641,23,66,42,35,123,46.41509434,49,541,248,789,23,1,1141,30,5,1,lucas paquetá,Lucas Paquetá,27.0,€23.00m,West Ham United,Brazil,23000000.0,16.951004817371683,729.0,16.9,0.23668625048150863,0.059171562620377156,0.16661528602645798,0.12464043157370913,16416666.666666666,0.0,0.0,0.0,0.0,0.0,0.0,0.0,0.0,0.0,0.0,0.0,17139830.0,-5860170.0
Guido Rodríguez,West Ham United,M,0,0,0.0,15,0,0.0,37,31,68,89.47368421,2,66.66666667,1,6,0,0,0,10,0,0,1,0,2,0,0,0,4,7,0,0,0.04237,0.0258,2,0,0.0,0,0,0,0.0,5,45.45454545,0,0,0,2137038,8,2,0.0,0,2,177.0,0,0,0,0,0,0,0.0,0,0,0,0,11,1,0,6.62,0,0,0,0,0,0,0,0,0.0,0.0,0,0,1,0,0,0.0,0.0,0,1,0,0.0,0,3,0,2,7,50.0,3,40,36,76,1,0,100,4,1,0,guido rodríguez,Guido Rodríguez,31.0,€6.00m,West Ham United,Argentina,6000000.0,15.607270193858982,961.0,1.9666666666666666,0.0,0.0,0.01311857736316595,0.02154395825105974,16416666.666666666,0.0,0.0,0.0,1.0,0.0,0.0,0.0,0.0,0.0,0.0,0.0,4749243.0,-1250757.0
Aaron Wan-Bissaka,West Ham United,D,19,16,41.02564103,157,23,33.82352941,313,211,524,76.1627907,21,47.72727273,23,23,2,0,0,68,1,0,0,3,90,0,0,13,7,77,0,3,0.93024977,0.0,22,0,0.0,0,0,2,0.0,58,51.78571429,0,0,0,2137026,164,38,17.0,0,21,1931.0,1,7,0,0,0,0,0.0,0,0,0,0,295,3,0,6.595652174,0,0,0,0,0,0,0,0,0.0,0.0,0,0,0,0,0,16.0,50.0,0,30,20,66.66666667,17,41,32,39,79,50.64102564,68,432,256,688,0,1,1261,12,4,0,aaron wan-bissaka,Aaron Wan-Bissaka,27.0,€20.00m,West Ham United,DR Congo,20000000.0,16.811242881518265,729.0,21.455555555555556,0.0,0.09321590683877982,0.0,0.04335703794855818,16416666.666666666,0.0,0.0,0.0,0.0,0.0,0.0,0.0,0.0,0.0,1.0,0.0,16747610.0,-3252390.0
Oliver Scarles,West Ham United,D,5,3,8.823529412,51,18,41.86046512,107,114,221,80.36363636,7,50.0,7,13,0,0,0,35,3,0,0,0,30,0,0,0,9,29,1,0,0.31139666,0.177,7,0,0.0,0,0,0,0.0,39,63.93442623,0,0,0,2380690,54,13,5.0,0,9,668.0,1,1,0,0,0,0,0.0,0,0,0,1,117,2,0,6.561538462,0,0,0,0,0,0,0,0,0.0,0.0,0,3,0,3,0,2.0,22.22222222,0,30,22,73.33333333,5,17,9,34,46,61.33333333,43,145,130,275,3,0,500,7,2,0,oliver scarles,Oliver Scarles,19.0,€3.50m,West Ham United,England,3500000.0,15.068273812173887,361.0,7.4222222222222225,0.0,0.0,0.023847273259661773,0.041954583294723104,16416666.666666666,0.0,0.0,0.0,0.0,0.0,0.0,1.0,0.0,0.0,0.0,0.0,4784470.0,1284470.0
Adama Traoré,West Ham United,F,1,5,18.51851852,41,1,33.33333333,59,22,81,77.88461538,1,7.142857143,13,24,0,0,0,14,1,1,3,0,2,0,0,14,2,41,0,0,0.58293207,0.6937,7,0,0.0,0,0,0,0.0,22,44.0,0,0,0,2137163,23,0,3.0,0,1,450.0,5,0,0,0,0,0,0.0,0,0,0,0,84,2,0,6.50952381,0,0,0,0,0,0,0,0,0.0,0.0,0,7,0,3,1,12.0,60.0,0,2,2,100.0,3,3,20,27,23,35.9375,3,79,25,104,7,0,217,8,1,0,adama traoré,Adama Traoré,29.0,€4.50m,Fulham FC,Spain,4500000.0,15.319588176962746,841.0,5.0,0.0,0.0,0.13873972252055497,0.11658618082763836,12375000.0,0.0,0.0,0.0,0.0,0.0,0.0,0.0,0.0,1.0,0.0,0.0,7281461.5,2781461.5
Nayef Aguerd,West Ham United,D,3,0,0.0,17,6,46.15384615,42,62,104,90.43478261,4,57.14285714,3,2,0,0,0,8,0,0,0,0,11,0,0,0,0,3,0,0,0.02594453,0.1014,0,0,0.0,2,0,0,0.0,3,100.0,0,0,0,2137060,11,1,0.0,0,2,180.0,0,2,0,0,0,0,0.0,0,0,0,0,14,0,0,6.2,0,0,0,0,0,0,0,0,0.0,0.0,0,2,0,2,0,1.0,100.0,0,1,0,0.0,0,6,1,2,7,70.0,13,52,63,115,2,0,145,1,0,0,nayef aguerd,Nayef Aguerd,29.0,€14.00m,West Ham United,Morocco,14000000.0,16.454567959008102,841.0,2.0,0.0,0.0,0.0506997465012675,0.012972200138999305,16416666.666666666,0.0,1.0,0.0,0.0,0.0,0.0,0.0,0.0,0.0,0.0,0.0,8106998.5,-5893001.5
Niclas Füllkrug,West Ham United,F,1,0,0.0,18,1,50.0,38,19,57,61.29032258,18,36.0,32,8,0,0,0,10,0,1,2,0,4,0,0,6,1,48,0,0,0.22563074,0.9172,11,0,0.0,0,0,0,0.0,3,15.78947368,0,0,0,2137040,36,2,7.0,0,5,408.0,3,1,0,0,0,0,0.0,0,0,0,0,51,2,0,6.1875,0,0,0,0,0,0,0,0,0.0,0.0,0,9,0,4,3,0.0,0.0,0,2,1,50.0,7,5,0,0,21,30.43478261,2,72,21,93,9,0,144,1,0,0,niclas füllkrug,Niclas Füllkrug,32.0,€6.00m,West Ham United,Germany,6000000.0,15.607270193858982,1024.0,4.533333333333333,0.0,0.0,0.2023230831108461,0.04977137697490373,16416666.666666666,0.0,0.0,1.0,0.0,0.0,0.0,0.0,0.0,0.0,0.0,0.0,1784374.2,-4215625.75
Josh Cullen,Burnley,M,36,1,8.333333333,164,42,43.75,350,378,728,84.06466513,17,51.51515152,16,18,2,0,0,73,4,0,4,2,35,0,0,10,12,55,0,2,1.35254865,0.9004,16,0,18.18181818,0,2,4,0.0,49,55.68181818,0,0,0,2136772,138,22,13.0,0,18,1519.0,0,11,1,0,0,1,0.0,0,0,0,0,183,3,0,6.911111111,0,2,0,0,0,0,0,0,759.5,0.0,0,3,8,1,6,2.0,33.33333333,0,31,18,58.06451613,13,84,6,12,66,54.54545455,96,465,401,866,11,1,1084,18,2,0,josh cullen,Josh Cullen,29.0,€2.00m,Burnley FC,Ireland,2000000.0,14.508658238524095,841.0,16.877777777777776,0.11849894229819088,0.11849894229819088,0.053348223822645535,0.08013779221592299,3628125.0,1.0,0.0,0.0,0.0,0.0,0.0,0.0,0.0,0.0,0.0,0.0,2277479.5,277479.5
Bashir Humphreys,Burnley,D,25,3,17.64705882,107,48,40.0,248,379,627,80.90322581,24,45.28301887,29,18,0,0,0,64,1,1,4,2,82,0,0,6,15,69,0,2,0.66732024,0.4155,14,0,0.0,0,0,0,0.0,42,51.2195122,0,0,0,2316616,148,10,9.0,0,16,1480.0,2,17,0,0,0,0,0.0,0,0,0,0,201,1,0,6.841176471,0,0,0,0,0,0,0,0,0.0,0.0,0,6,3,2,3,6.0,54.54545455,0,27,18,66.66666667,9,61,11,17,66,48.88888889,120,338,437,775,9,1,1074,9,6,0,bashir humphreys,Bashir Humphreys,22.0,€2.00m,Burnley FC,England,2000000.0,14.508658238524095,484.0,16.444444444444443,0.0,0.0,0.02526687652689941,0.04058026018767962,3628125.0,0.0,0.0,0.0,0.0,0.0,0.0,1.0,0.0,0.0,0.0,0.0,2099543.5,99543.5
James Ward-Prowse,Burnley,M,24,26,37.14285714,108,24,50.0,254,251,505,88.441331,10,45.45454545,12,15,1,0,0,46,7,0,3,1,17,0,0,4,10,39,2,0,1.72180733,0.2169,8,0,0.0,0,0,1,0.0,30,52.63157895,0,0,0,2137030,66,20,22.0,0,12,1072.0,0,7,0,0,0,0,0.0,0,0,0,0,133,4,0,6.826666667,0,0,0,0,0,0,0,0,0.0,0.0,2,0,5,0,2,2.0,28.57142857,0,15,6,40.0,22,42,7,70,40,50.63291139,48,307,264,571,5,0,779,13,1,0,james ward-prowse,James Ward-Prowse,30.0,€3.50m,West Ham United,England,3500000.0,15.068273812173887,900.0,11.911111111111111,0.0,0.08395515339586002,0.01820987277156204,0.14455459850826619,16416666.666666666,1.0,0.0,0.0,0.0,0.0,0.0,0.0,0.0,0.0,0.0,0.0,3088175.5,-411824.5
Jaidon Anthony,Burnley,M,15,13,19.6969697,211,25,50.0,371,260,631,79.67171717,12,33.33333333,24,34,2,0,0,130,6,3,13,2,24,0,0,39,28,164,0,3,2.76619956,4.5007,20,0,14.0,0,7,9,0.0,110,44.0,0,0,2,2136822,161,15,35.0,5,29,2481.0,9,7,0,0,0,1,0.0,0,0,0,1,406,21,0,6.802941176,0,2,0,0,0,0,0,0,354.4285714,0.0,0,36,14,17,20,32.0,37.64705882,0,39,21,53.84615385,35,34,85,66,122,42.65734266,50,482,310,792,50,1,1370,42,4,0,jaidon anthony,Jaidon Anthony,25.0,€4.00m,Burnley FC,England,4000000.0,15.201805169084134,625.0,27.566666666666666,0.25392977487432594,0.0725513642498074,0.1632659625395541,0.10034577593260849,3628125.0,0.0,0.0,0.0,0.0,0.0,1.0,0.0,0.0,0.0,0.0,0.0,4032718.0,32718.0
Zian Flemming,Burnley,F,9,1,16.66666667,58,9,56.25,110,47,157,65.69037657,58,43.60902256,75,26,0,0,0,30,0,8,12,0,32,0,0,16,5,142,0,0,0.37050083,6.7867,41,0,19.56521739,0,9,9,0.0,39,36.79245283,3,0,0,2136798,82,7,9.0,2,18,1554.0,3,5,0,0,2,0,100.0,0,2,0,0,171,1,0,6.784615385,0,4,0,0,0,0,0,0,172.6666667,0.0,1,37,9,15,19,4.0,36.36363636,0,11,6,54.54545455,9,19,11,6,97,40.58577406,16,177,62,239,46,1,520,25,3,0,zian flemming,Zian Flemming,26.0,€2.00m,Burnley FC,Netherlands,2000000.0,14.508658238524095,676.0,17.266666666666666,0.5212352193618421,0.0,0.3930518959158904,0.021457564599866065,3628125.0,0.0,0.0,1.0,0.0,0.0,0.0,0.0,0.0,0.0,0.0,0.0,2338518.5,338518.5
Zeki Amdouni,Burnley,F,0,0,0.0,2,0,0.0,7,2,9,100.0,1,100.0,0,1,0,0,0,0,0,0,1,0,0,0,0,0,0,0,0,0,0.0062985,0.0731,0,0,0.0,0,0,0,0.0,1,100.0,0,0,0,2844675,0,0,0.0,0,0,14.0,0,0,0,0,0,0,0.0,0,0,0,0,1,0,0,6.7,0,0,0,0,0,0,0,0,0.0,0.0,0,1,0,0,0,1.0,100.0,0,0,0,0.0,0,0,1,0,2,100.0,0,7,2,9,1,0,13,0,0,0,zeki amdouni,Zeki Amdouni,24.0,€7.00m,Burnley FC,Switzerland,7000000.0,15.76142084987672,576.0,0.15555555555555556,0.0,0.0,0.46989836367662075,0.04048775435864837,3628125.0,0.0,0.0,1.0,0.0,0.0,0.0,0.0,0.0,0.0,0.0,0.0,6617825.0,-382175.0
Lesley Ugochukwu,Burnley,M,10,1,16.66666667,145,22,55.0,327,262,589,83.1920904,23,42.59259259,31,32,1,0,0,89,0,1,8,1,20,0,0,30,18,118,1,0,0.30200057,2.2975,26,0,14.28571429,0,3,4,0.0,85,49.41860465,2,0,0,2136778,119,17,8.0,1,24,2134.0,1,19,0,0,0,1,0.0,0,0,0,0,198,5,0,6.6875,1,0,0,0,0,0,0,0,711.3333333,0.0,0,14,7,6,7,13.0,44.82758621,0,47,24,51.06382979,8,21,29,6,108,47.78761062,40,412,296,708,21,0,1042,26,1,1,lesley ugochukwu,Lesley Ugochukwu,21.0,€14.00m,Chelsea FC,France,14000000.0,16.454567959008102,441.0,23.711111111111112,0.12652290821433113,0.04217430273811037,0.09689546054080857,0.012736663466261894,30741379.310344826,0.0,0.0,0.0,1.0,0.0,0.0,0.0,0.0,0.0,0.0,0.0,22485836.0,8485836.0
Lesley Ugochukwu,Burnley,M,10,1,16.66666667,145,22,55.0,327,262,589,83.1920904,23,42.59259259,31,32,1,0,0,89,0,1,8,1,20,0,0,30,18,118,1,0,0.30200057,2.2975,26,0,14.28571429,0,3,4,0.0,85,49.41860465,2,0,0,2136778,119,17,8.0,1,24,2134.0,1,19,0,0,0,1,0.0,0,0,0,0,198,5,0,6.6875,1,0,0,0,0,0,0,0,711.3333333,0.0,0,14,7,6,7,13.0,44.82758621,0,47,24,51.06382979,8,21,29,6,108,47.78761062,40,412,296,708,21,0,1042,26,1,1,lesley ugochukwu,Lesley Ugochukwu,21.0,€12.00m,Chelsea FC,France,12000000.0,16.300417291085605,441.0,23.711111111111112,0.12652290821433113,0.04217430273811037,0.09689546054080857,0.012736663466261894,30741379.310344826,0.0,0.0,0.0,1.0,0.0,0.0,0.0,0.0,0.0,0.0,0.0,22485836.0,10485836.0
Hjalmar Ekdal,Burnley,D,18,0,0.0,38,30,38.46153846,157,422,579,85.02202643,52,61.9047619,32,19,0,0,0,49,0,1,2,2,125,0,0,4,4,47,1,1,0.27340013,0.2552,5,0,0.0,0,0,0,0.0,31,67.39130435,0,0,0,2136790,102,12,4.0,0,17,1539.0,2,13,0,0,0,0,0.0,0,0,0,0,116,0,0,6.672222222,0,0,0,0,0,0,0,0,0.0,0.0,0,6,0,3,1,2.0,50.0,0,24,16,66.66666667,4,44,4,1,83,63.84615385,78,221,460,681,6,0,925,7,0,0,hjalmar ekdal,Hjalmar Ekdal,26.0,€700k,Burnley FC,Sweden,700000.0,13.45883704259595,676.0,17.1,0.0,0.0,0.014923967880720536,0.01598830234602202,3628125.0,0.0,1.0,0.0,0.0,0.0,0.0,0.0,0.0,0.0,0.0,0.0,1926410.5,1226410.5
Marcus Edwards,Burnley,F,8,4,21.05263158,127,6,50.0,193,71,264,81.98757764,2,20.0,8,22,3,0,0,49,5,2,9,0,4,0,0,28,17,82,0,0,1.70483203,1.4763,7,0,4.545454545,0,1,4,0.0,42,36.20689655,0,0,1,2136784,58,2,18.0,1,11,1058.0,1,0,0,0,0,0,0.0,0,0,0,0,169,8,0,6.661904762,0,0,0,0,0,0,0,0,1058.0,0.0,4,13,9,7,6,13.0,35.13513514,0,11,5,45.45454545,18,15,37,19,44,34.92063492,12,240,82,322,22,0,529,18,0,0,marcus edwards,Marcus Edwards,26.0,€7.00m,Burnley FC,England,7000000.0,15.76142084987672,676.0,11.755555555555556,0.08506609020842988,0.2551982706252896,0.12558306897470503,0.14502339525420063,3628125.0,0.0,0.0,0.0,0.0,0.0,0.0,0.0,0.0,1.0,0.0,0.0,3313299.5,-3686700.5
Maxime Estève,Burnley,D,29,2,33.33333333,91,48,36.64122137,317,812,1129,86.84615385,80,68.37606838,37,32,0,0,0,107,1,0,1,1,209,0,0,3,15,70,2,1,0.65040159,0.7226,13,0,0.0,9,0,0,0.0,55,62.5,0,0,0,2136776,171,35,7.0,0,32,2765.0,0,30,2,0,0,0,0.0,0,0,0,0,192,2,0,6.625,0,0,0,0,0,0,0,0,0.0,0.0,0,9,1,8,1,3.0,60.0,0,40,23,57.5,7,79,5,6,135,65.85365854,131,428,872,1300,10,1,1713,12,1,0,maxime estève,Maxime Estève,23.0,€14.00m,Burnley FC,France,14000000.0,16.454567959008102,529.0,30.72222222222222,0.0,0.0,0.02352042634054839,0.021170388443634863,3628125.0,0.0,1.0,0.0,0.0,0.0,0.0,0.0,0.0,0.0,0.0,0.0,2026430.0,-11973570.0
Kyle Walker,Burnley,D,73,7,19.44444444,226,83,38.24884793,483,504,987,76.45236251,45,50.56179775,44,33,2,0,0,142,3,0,3,4,99,0,0,14,18,118,0,2,1.26627969,0.1581,30,0,0.0,0,0,2,0.0,83,52.86624204,0,0,0,2136768,304,41,12.0,0,32,2827.0,1,10,0,0,0,0,0.0,0,0,0,0,534,4,0,6.578787879,0,0,0,0,0,0,0,0,0.0,0.0,0,1,3,1,0,13.0,50.0,0,49,29,59.18367347,12,152,26,36,128,52.03252033,217,704,587,1291,4,0,2047,21,9,0,kyle walker,Kyle Walker,35.0,€600k,Burnley FC,England,600000.0,13.304686600863562,1225.0,31.41111111111111,0.0,0.0636717165530439,0.00503324919351812,0.040313100749278144,3628125.0,0.0,0.0,0.0,0.0,0.0,0.0,0.0,0.0,0.0,1.0,0.0,637870.06,37870.0625
Joe Worrall,Burnley,D,1,0,0.0,6,5,26.31578947,19,106,125,80.64516129,21,50.0,21,11,0,0,0,10,0,0,0,0,60,0,0,0,2,27,0,0,0.02442092,0.08,4,0,0.0,0,0,0,0.0,4,40.0,0,0,0,2163684,30,5,0.0,0,5,517.0,0,7,0,0,0,0,0.0,0,0,0,0,37,0,0,6.57,0,0,0,0,0,0,0,0,0.0,0.0,0,1,0,1,0,0.0,0.0,0,4,3,75.0,0,6,0,0,25,48.07692308,19,43,112,155,1,0,253,1,0,0,joe worrall,Joe Worrall,28.0,€750k,Burnley FC,England,750000.0,13.527829818844937,784.0,5.7444444444444445,0.0,0.0,0.013926474789502302,0.004251216583955657,3628125.0,0.0,1.0,0.0,0.0,0.0,0.0,0.0,0.0,0.0,0.0,0.0,1348257.9,598257.875
Loum Tchaouna,Burnley,F,14,7,31.81818182,74,12,75.0,135,78,213,74.73684211,14,40.0,21,26,0,0,0,24,0,1,5,0,9,0,0,13,14,69,0,2,0.76327408,1.1515,9,0,11.11111111,0,2,2,0.0,33,40.74074074,0,0,3,2136796,72,2,8.0,1,11,1069.0,1,1,0,0,0,0,0.0,0,0,0,0,144,3,0,6.569230769,0,1,0,0,0,0,0,0,534.5,0.0,2,8,10,5,8,6.0,31.57894737,0,15,7,46.66666667,8,23,19,22,47,40.51724138,16,188,97,285,18,0,471,13,2,0,loum tchaouna,Loum Tchaouna,21.0,€6.00m,Burnley FC,France,6000000.0,15.607270193858982,441.0,11.877777777777778,0.1683815233457708,0.0,0.09694566206632754,0.06426062616037086,3628125.0,0.0,0.0,0.0,0.0,0.0,0.0,0.0,0.0,1.0,0.0,0.0,5774746.0,-225254.0
Lucas Pires,Burnley,D,10,7,14.58333333,113,11,30.55555556,211,173,384,82.75862069,3,25.0,9,17,0,0,0,73,1,0,4,1,31,0,1,9,18,55,0,0,1.2283862,0.3182,11,0,0.0,0,0,0,0.0,39,45.88235294,0,0,1,2440787,80,16,17.0,0,12,1136.0,6,5,0,0,0,0,0.0,0,0,0,0,180,5,0,6.541176471,1,0,0,0,0,0,0,0,0.0,0.0,0,6,5,6,1,12.0,60.0,0,24,19,79.16666667,17,27,20,48,42,43.29896907,36,266,198,464,11,0,780,3,0,0,lucas pires,Lucas Pires,24.0,€800k,Burnley FC,Brazil,800000.0,13.592368256649284,576.0,12.622222222222222,0.0,0.0,0.025209487069948626,0.09731925212383195,3628125.0,0.0,0.0,0.0,0.0,0.0,0.0,1.0,0.0,0.0,0.0,0.0,1075131.8,275131.75
Axel Tuanzebe,Burnley,D,10,0,0.0,27,17,32.0754717,110,264,374,84.04494382,19,48.71794872,20,11,0,0,0,29,0,0,0,1,67,0,0,0,5,35,0,2,0.13002825,0.606,10,0,50.0,1,1,1,0.0,14,48.27586207,0,0,0,2342489,71,8,0.0,0,11,932.0,1,9,1,0,0,1,0.0,0,0,0,0,74,0,0,6.527272727,0,1,0,0,0,0,0,0,932.0,0.0,0,2,0,1,1,0.0,0.0,0,12,6,50.0,0,30,0,1,33,48.52941176,53,153,292,445,2,0,569,2,1,0,axel tuanzebe,Axel Tuanzebe,27.0,€1.00m,Burnley FC,DR Congo,1000000.0,13.815511557963774,729.0,10.355555555555556,0.09656643035430545,0.0,0.0585192567947091,0.012556363947717218,3628125.0,0.0,0.0,0.0,0.0,0.0,0.0,0.0,0.0,0.0,1.0,0.0,1093188.0,93188.0
Lyle Foster,Burnley,F,2,1,16.66666667,79,7,53.84615385,142,54,196,71.27272727,27,28.125,69,25,2,0,0,41,2,3,7,0,20,0,0,30,8,139,0,0,0.48992833,3.2454,22,0,15.0,0,3,5,0.0,38,35.18518519,0,0,0,2136820,79,4,10.0,1,15,1351.0,11,3,0,0,0,0,0.0,0,0,0,0,182,8,0,6.488,0,2,0,0,0,0,0,0,450.3333333,0.0,0,15,5,7,6,10.0,45.45454545,0,16,12,75.0,10,5,22,6,65,31.8627451,13,208,67,275,20,0,514,13,4,0,lyle foster,Lyle Foster,24.0,€1.50m,Burnley FC,South Africa,1500000.0,14.220976332738882,576.0,15.011111111111111,0.19985182837405957,0.13323455224937306,0.21619970793505763,0.03263769084091654,3628125.0,0.0,0.0,1.0,0.0,0.0,0.0,0.0,0.0,0.0,0.0,0.0,1893186.6,393186.625
Mike Trésor,Burnley,M,0,1,33.33333333,3,1,100.0,11,12,23,85.18518519,0,0.0,3,6,0,0,0,4,0,0,0,0,0,0,0,2,0,7,0,0,0.00496622,0.0,0,0,0.0,0,0,0,0.0,1,20.0,0,0,0,2534506,4,0,1.0,0,0,63.0,0,0,0,0,0,0,0.0,0,0,0,0,13,1,0,6.466666667,0,0,0,0,0,0,0,0,0.0,0.0,0,0,0,0,0,0.0,0.0,0,1,1,100.0,1,2,2,3,1,12.5,1,14,13,27,0,0,42,0,0,0,mike trésor,Mike Trésor,26.0,€700k,Burnley FC,Belgium,700000.0,13.45883704259595,676.0,0.7,0.0,0.0,0.0,0.007094498650019287,3628125.0,0.0,0.0,0.0,0.0,0.0,1.0,0.0,0.0,0.0,0.0,0.0,821278.6,121278.625
Quilindschy Hartman,Burnley,D,25,11,14.47368421,118,35,33.65384615,247,310,557,75.67934783,10,35.71428571,18,21,5,0,0,69,6,1,2,2,66,0,0,6,13,57,1,1,1.9931781,0.3357,13,0,0.0,0,0,5,0.0,60,60.60606061,0,0,0,2136816,179,31,20.0,0,21,1830.0,1,4,0,0,0,0,0.0,0,0,0,0,313,0,0,6.461904762,0,0,0,0,0,0,0,0,0.0,0.0,0,3,6,4,3,5.0,41.66666667,0,52,32,61.53846154,20,66,12,76,70,55.11811024,104,374,362,736,9,0,1198,3,1,0,quilindschy hartman,Quilindschy Hartman,23.0,€8.00m,Burnley FC,Netherlands,8000000.0,15.894952224644102,529.0,20.333333333333332,0.0,0.24590151840908933,0.016509827945986256,0.09802510424994873,3628125.0,0.0,0.0,0.0,0.0,0.0,0.0,1.0,0.0,0.0,0.0,0.0,1162715.4,-6837284.625
Armando Broja,Burnley,F,1,1,33.33333333,52,1,100.0,81,24,105,69.53642384,35,31.53153153,76,24,1,0,0,26,1,3,8,0,9,0,0,20,5,130,0,0,0.22510923,2.1458,14,0,6.25,0,1,2,0.0,30,35.71428571,1,0,0,2265736,46,3,5.0,0,8,874.0,6,0,0,0,0,0,0.0,0,0,0,0,119,6,0,6.4125,0,0,0,0,0,0,0,0,874.0,0.0,0,15,1,2,6,8.0,33.33333333,0,6,3,50.0,5,1,24,3,65,33.33333333,1,118,33,151,16,0,324,16,0,0,armando broja,Armando Broja,23.0,€8.00m,Chelsea FC,Albania,8000000.0,15.894952224644102,529.0,9.71111111111111,0.10297472233724246,0.10297472233724246,0.22096315919125487,0.02318056045480045,30741379.310344826,0.0,0.0,1.0,0.0,0.0,0.0,0.0,0.0,0.0,0.0,0.0,10105395.0,2105395.0
Armando Broja,Burnley,F,1,1,33.33333333,52,1,100.0,81,24,105,69.53642384,35,31.53153153,76,24,1,0,0,26,1,3,8,0,9,0,0,20,5,130,0,0,0.22510923,2.1458,14,0,6.25,0,1,2,0.0,30,35.71428571,1,0,0,2265736,46,3,5.0,0,8,874.0,6,0,0,0,0,0,0.0,0,0,0,0,119,6,0,6.4125,0,0,0,0,0,0,0,0,874.0,0.0,0,15,1,2,6,8.0,33.33333333,0,6,3,50.0,5,1,24,3,65,33.33333333,1,118,33,151,16,0,324,16,0,0,armando broja,Armando Broja,23.0,€7.50m,Chelsea FC,Albania,7500000.0,15.830413711839864,529.0,9.71111111111111,0.10297472233724246,0.10297472233724246,0.22096315919125487,0.02318056045480045,30741379.310344826,0.0,0.0,1.0,0.0,0.0,0.0,0.0,0.0,0.0,0.0,0.0,10105395.0,2605395.0
Emmanuel Agbadou,Wolverhampton,D,31,4,28.57142857,74,50,42.73504274,197,350,547,83.00455235,26,63.41463415,15,14,0,0,0,66,0,0,3,0,65,0,1,5,7,38,2,0,0.39670705,0.5605,10,0,0.0,1,0,0,0.0,41,64.0625,0,0,0,2139145,112,13,4.0,0,12,1101.0,0,15,0,0,0,0,0.0,0,0,0,0,147,1,0,6.85,1,0,0,0,0,0,0,0,0.0,0.0,1,6,4,4,3,4.0,80.0,0,32,20,62.5,4,75,5,14,67,63.80952381,117,283,376,659,10,1,872,5,1,0,emmanuel agbadou,Emmanuel Agbadou,28.0,€15.00m,Wolverhampton Wanderers,Cote d'Ivoire,15000000.0,16.52356082573315,784.0,12.233333333333333,0.0,0.0,0.04581740123918155,0.03242834270162722,11346153.846153846,0.0,1.0,0.0,0.0,0.0,0.0,0.0,0.0,0.0,0.0,0.0,10107573.0,-4892427.0
André,Wolverhampton,M,41,9,23.07692308,181,56,67.46987952,515,610,1125,91.31493506,4,22.22222222,14,32,0,0,0,189,1,0,9,1,48,0,0,29,34,129,1,6,0.90593183,0.5021,39,0,7.142857143,0,1,1,0.0,130,53.06122449,0,0,0,2139159,107,27,17.0,1,27,2496.0,0,11,0,0,0,0,0.0,0,0,0,0,210,9,0,6.846875,0,0,0,0,0,0,0,0,2496.0,0.0,1,1,13,4,1,15.0,51.72413793,0,75,40,53.33333333,17,63,29,39,134,50.95057034,83,585,647,1232,14,1,1648,40,10,0,andré,André,23.0,€25.00m,Wolverhampton Wanderers,Brazil,25000000.0,17.034386422832473,529.0,27.733333333333334,0.03605767930612525,0.0,0.018104560779605487,0.03266579939935118,11346153.846153846,0.0,0.0,0.0,1.0,0.0,0.0,0.0,0.0,0.0,0.0,0.0,7767999.5,-17232000.5
Santiago Bueno,Wolverhampton,D,21,2,40.0,71,50,45.45454545,274,608,882,86.55544652,47,54.02298851,40,26,1,0,0,64,1,0,2,4,101,0,0,4,10,80,0,1,1.43962141,1.9726,25,0,33.33333333,2,3,4,0.0,61,60.3960396,1,0,0,2163502,137,22,9.0,0,25,2283.0,1,18,0,0,0,0,0.0,0,0,0,1,161,0,0,6.819230769,0,2,0,0,0,0,0,0,761.0,0.0,0,9,0,1,6,0.0,0.0,0,50,28,56.0,9,54,2,5,108,57.44680851,110,362,657,1019,9,1,1330,11,4,0,santiago bueno,Santiago Bueno,26.0,€5.00m,Wolverhampton Wanderers,Uruguay,5000000.0,15.424948670398354,676.0,25.366666666666667,0.11826539358788689,0.03942179786262896,0.07776343846382189,0.056752464223732896,11346153.846153846,0.0,1.0,0.0,0.0,0.0,0.0,0.0,0.0,0.0,0.0,0.0,6125135.0,1125135.0
João Gomes,Wolverhampton,M,38,11,34.375,278,37,53.62318841,622,572,1194,85.6527977,26,50.0,26,33,1,0,0,185,2,0,6,2,40,0,0,51,42,204,1,2,2.05311057,1.2783,64,0,5.263157895,0,1,2,0.0,186,51.0989011,0,0,0,2139165,200,33,16.0,0,30,2664.0,1,6,0,0,0,0,0.0,0,0,0,0,348,11,0,6.778787879,0,1,0,0,0,0,0,0,2664.0,0.0,3,9,10,6,7,42.0,64.61538462,0,99,64,64.64646465,16,74,65,32,212,50.96153846,69,761,633,1394,19,1,1949,45,10,0,joão gomes,João Gomes,24.0,€35.00m,Wolverhampton Wanderers,Brazil,35000000.0,17.370858648025116,576.0,29.6,0.03378377237034717,0.03378377237034717,0.04318579622101479,0.06936182014803373,11346153.846153846,1.0,0.0,0.0,0.0,0.0,0.0,0.0,0.0,0.0,0.0,0.0,20785174.0,-14214826.0
Jean-Ricner Bellegarde,Wolverhampton,M,19,4,16.66666667,108,22,53.65853659,214,113,327,79.36893204,8,27.5862069,21,24,1,0,0,41,1,0,6,0,19,0,0,20,3,74,3,0,1.05463653,0.9889,19,0,4.761904762,0,1,2,0.0,84,61.31386861,0,0,0,2139135,85,10,12.0,0,15,1217.0,0,3,0,1,0,0,0.0,0,0,0,0,170,5,0,6.770833333,0,1,0,0,0,0,0,0,1217.0,0.0,2,5,16,8,7,18.0,62.06896552,0,28,15,53.57142857,11,33,29,24,92,55.42168675,41,275,137,412,21,0,689,39,5,0,jean-ricner bellegarde,Jean-Ricner Bellegarde,27.0,€12.00m,Wolverhampton Wanderers,France,12000000.0,16.300417291085605,729.0,13.522222222222222,0.0739522871347096,0.0739522871347096,0.07313141674751432,0.07799278348931378,11346153.846153846,1.0,0.0,0.0,0.0,0.0,0.0,0.0,0.0,0.0,0.0,0.0,9175165.0,-2824835.0
Hugo Bueno,Wolverhampton,D,16,57,34.54545455,177,25,35.71428571,320,353,673,80.98676294,19,46.34146341,22,32,2,0,0,113,6,0,3,3,65,0,0,32,33,150,0,2,3.47901052,0.7775,18,0,6.666666667,0,1,3,0.0,121,48.59437751,0,0,0,2139169,158,38,37.0,1,25,2304.0,2,4,0,0,0,1,0.0,0,0,0,0,416,5,0,6.684375,0,0,0,0,0,0,0,0,2304.0,0.0,1,7,8,6,6,31.0,40.25974026,0,66,39,59.09090909,37,45,77,165,140,48.27586207,70,405,426,831,15,1,1658,24,3,0,hugo bueno,Hugo Bueno,22.0,€3.50m,Wolverhampton Wanderers,Spain,3500000.0,15.068273812173887,484.0,25.6,0.039062484741216895,0.07812496948243379,0.030371081886296135,0.13589879535203306,11346153.846153846,0.0,0.0,0.0,0.0,0.0,0.0,1.0,0.0,0.0,0.0,0.0,5796739.5,2296739.5
Rodrigo Gomes,Wolverhampton,M,4,2,9.090909091,69,2,22.22222222,118,47,165,75.34246575,6,26.08695652,17,19,0,0,0,23,0,1,2,0,12,0,0,6,6,49,0,0,0.3753018,1.8379,5,0,18.75,0,3,3,0.0,31,49.20634921,0,0,0,2139167,54,6,3.0,0,7,788.0,3,2,0,0,0,0,0.0,0,0,0,0,128,5,0,6.673684211,0,3,0,0,0,0,0,0,262.6666667,0.0,0,15,1,8,6,4.0,21.05263158,0,19,15,78.94736842,3,8,19,22,37,43.02325581,9,156,63,219,16,0,404,8,0,0,rodrigo gomes,Rodrigo Gomes,21.0,€10.00m,Wolverhampton Wanderers,Portugal,10000000.0,16.118095750958314,441.0,8.755555555555556,0.3426392025694387,0.0,0.20991219680079046,0.04286436982495832,11346153.846153846,0.0,0.0,0.0,0.0,0.0,0.0,0.0,1.0,0.0,0.0,0.0,10173178.0,173178.0
Yerson Mosquera,Wolverhampton,D,16,2,10.52631579,81,21,30.43478261,215,385,600,81.63265306,42,46.15384615,49,24,0,0,0,83,1,2,7,4,100,0,0,4,14,104,0,2,0.62037853,1.7524,27,0,0.0,0,0,0,0.0,98,64.05228758,0,0,3,2261089,135,21,11.0,0,21,1872.0,1,14,2,0,0,2,0.0,0,0,0,0,260,0,0,6.669565217,0,0,0,0,0,0,0,0,0.0,0.0,0,23,2,12,6,8.0,40.0,0,53,34,64.1509434,11,36,20,19,140,57.37704918,69,293,442,735,25,1,1258,39,10,0,yerson mosquera,Yerson Mosquera,24.0,€4.00m,Wolverhampton Wanderers,Colombia,4000000.0,15.201805169084134,576.0,20.8,0.0,0.0,0.08424995949521177,0.029825876526020898,11346153.846153846,0.0,1.0,0.0,0.0,0.0,0.0,0.0,0.0,0.0,0.0,0.0,11112755.0,7112755.0
Marshall Munetsi,Wolverhampton,M,0,3,21.42857143,47,6,50.0,81,26,107,63.31360947,30,46.875,34,13,1,0,0,20,1,0,2,0,30,0,0,11,9,77,0,0,0.38380346,1.6064,19,0,7.142857143,0,1,2,0.0,35,44.87179487,1,0,1,2139163,62,7,3.0,0,9,877.0,4,2,0,0,0,0,0.0,0,0,0,0,112,5,0,6.646153846,0,0,0,0,0,0,0,0,877.0,0.0,0,12,2,6,6,5.0,55.55555556,0,21,12,57.14285714,3,6,9,14,65,45.77464789,12,131,38,169,14,0,342,10,2,0,marshall munetsi,Marshall Munetsi,29.0,€10.00m,Wolverhampton Wanderers,Zimbabwe,10000000.0,16.118095750958314,841.0,9.744444444444444,0.10262247165310778,0.10262247165310778,0.16485273846355233,0.03938685969421468,11346153.846153846,1.0,0.0,0.0,0.0,0.0,0.0,0.0,0.0,0.0,0.0,0.0,9734886.0,-265114.0
Ki-Jana Hoever,Wolverhampton,D,6,7,31.81818182,31,9,32.14285714,64,42,106,68.83116883,6,50.0,6,8,0,0,0,16,2,0,0,0,20,0,0,3,3,18,0,0,0.36294271,0.0209,3,0,0.0,0,0,0,0.0,21,63.63636364,0,0,0,2139133,48,6,5.0,0,6,428.0,1,1,0,0,0,0,0.0,0,0,0,0,78,3,0,6.6375,0,0,0,0,0,0,0,0,0.0,0.0,0,0,1,0,1,5.0,62.5,0,13,11,84.61538462,5,10,8,22,27,60.0,28,104,50,154,1,0,283,3,0,0,ki-jana hoever,Ki-Jana Hoever,23.0,€1.00m,Wolverhampton Wanderers,Netherlands,1000000.0,13.815511557963774,529.0,4.7555555555555555,0.0,0.0,0.004394850571575901,0.07631956825324433,11346153.846153846,0.0,0.0,0.0,0.0,0.0,0.0,0.0,0.0,0.0,1.0,0.0,3612134.2,2612134.25
Pedro Lima,Wolverhampton,D,2,4,44.44444444,7,2,20.0,12,17,29,63.04347826,2,40.0,3,6,0,0,0,8,0,0,1,0,3,0,0,3,2,13,0,2,0.36986288,0.0292,3,0,0.0,0,0,0,0.0,7,41.17647059,0,0,0,2578847,17,4,3.0,0,2,186.0,0,0,0,0,0,0,0.0,0,0,0,0,33,0,0,6.55,0,0,0,0,0,0,0,0,0.0,0.0,0,1,1,1,0,0.0,0.0,0,6,4,66.66666667,3,3,2,9,9,40.90909091,10,24,22,46,2,0,106,1,0,0,pedro lima,Pedro Lima,19.0,€1.00m,Wolverhampton Wanderers,Brazil,1000000.0,13.815511557963774,361.0,2.066666666666667,0.0,0.0,0.014128963892110198,0.1789650437175304,11346153.846153846,0.0,0.0,0.0,0.0,0.0,0.0,0.0,0.0,0.0,1.0,0.0,1067226.0,67226.0
Fer López,Wolverhampton,M,1,1,25.0,31,1,25.0,58,17,75,72.81553398,2,33.33333333,4,9,1,0,0,10,1,0,3,0,1,0,0,6,2,22,0,0,0.60724549,0.1632,6,0,0.0,0,0,1,0.0,8,30.76923077,0,0,0,2139155,28,0,3.0,0,2,236.0,0,0,0,0,0,0,0.0,0,0,0,0,56,0,0,6.522222222,0,0,0,0,0,0,0,0,0.0,0.0,0,2,3,1,1,3.0,42.85714286,0,1,1,100.0,3,6,7,4,10,31.25,4,80,23,103,5,0,156,4,1,0,fer lópez,Fer López,21.0,€1.00m,Wolverhampton Wanderers,Spain,1000000.0,13.815511557963774,441.0,2.6222222222222222,0.0,0.38135447788546567,0.062237050790908,0.2315757867872538,11346153.846153846,0.0,0.0,0.0,0.0,0.0,0.0,0.0,0.0,1.0,0.0,0.0,1360806.1,360806.125
